/*
Navicat MySQL Data Transfer

Source Server         : WAMP
Source Server Version : 50711
Source Host           : localhost:3306
Source Database       : mall

Target Server Type    : MYSQL
Target Server Version : 50711
File Encoding         : 65001

Date: 2016-11-03 11:20:52
*/

SET FOREIGN_KEY_CHECKS=0;

-- ----------------------------
-- Table structure for `comment`
-- ----------------------------
DROP TABLE IF EXISTS `comment`;
CREATE TABLE `comment` (
  `id` int(11) unsigned NOT NULL AUTO_INCREMENT,
  `gid` int(11) unsigned NOT NULL,
  `uid` int(11) unsigned NOT NULL,
  `name` varchar(255) NOT NULL,
  `content` varchar(255) NOT NULL,
  `pltime` int(50) DEFAULT NULL,
  `state` tinyint(1) DEFAULT '0',
  PRIMARY KEY (`id`)
) ENGINE=MyISAM AUTO_INCREMENT=6 DEFAULT CHARSET=utf8mb4;

-- ----------------------------
-- Records of comment
-- ----------------------------
INSERT INTO `comment` VALUES ('4', '26', '1', 'admin', '这款手机超级强', '1472715569', '1');
INSERT INTO `comment` VALUES ('5', '38', '253', '22222', '11111', '1473043811', '0');

-- ----------------------------
-- Table structure for `detail`
-- ----------------------------
DROP TABLE IF EXISTS `detail`;
CREATE TABLE `detail` (
  `id` int(11) NOT NULL AUTO_INCREMENT,
  `orderid` int(11) NOT NULL,
  `goodsid` int(11) NOT NULL,
  `name` varchar(32) DEFAULT NULL,
  `price` double(6,2) DEFAULT NULL,
  `num` int(11) DEFAULT NULL,
  `state` tinyint(1) unsigned DEFAULT '0',
  PRIMARY KEY (`id`),
  KEY `orderid` (`orderid`),
  CONSTRAINT `detail_ibfk_1` FOREIGN KEY (`orderid`) REFERENCES `orders` (`id`)
) ENGINE=InnoDB AUTO_INCREMENT=156 DEFAULT CHARSET=utf8;

-- ----------------------------
-- Records of detail
-- ----------------------------
INSERT INTO `detail` VALUES ('122', '115', '26', '华为 HUAWEI Mate 8', '2799.00', '1', '1');
INSERT INTO `detail` VALUES ('123', '116', '24', '荣耀畅玩5X', '1099.00', '1', '0');
INSERT INTO `detail` VALUES ('124', '117', '21', '荣耀 NOTE 8 ', '2499.00', '1', '0');
INSERT INTO `detail` VALUES ('125', '118', '24', '荣耀畅玩5X', '1099.00', '1', '0');
INSERT INTO `detail` VALUES ('126', '118', '11', '荣耀8', '2299.00', '1', '0');
INSERT INTO `detail` VALUES ('127', '119', '21', '荣耀 NOTE 8 ', '2499.00', '1', '0');
INSERT INTO `detail` VALUES ('128', '120', '24', '荣耀畅玩5X', '1099.00', '1', '0');
INSERT INTO `detail` VALUES ('129', '121', '21', '荣耀 NOTE 8 ', '2499.00', '1', '0');
INSERT INTO `detail` VALUES ('130', '122', '21', '荣耀 NOTE 8 ', '2499.00', '1', '0');
INSERT INTO `detail` VALUES ('131', '123', '21', '荣耀 NOTE 8 ', '2499.00', '1', '0');
INSERT INTO `detail` VALUES ('132', '124', '24', '荣耀畅玩5X', '1099.00', '1', '0');
INSERT INTO `detail` VALUES ('133', '125', '24', '荣耀畅玩5X', '1099.00', '1', '0');
INSERT INTO `detail` VALUES ('134', '126', '24', '荣耀畅玩5X', '1099.00', '1', '0');
INSERT INTO `detail` VALUES ('135', '127', '24', '荣耀畅玩5X', '1099.00', '1', '0');
INSERT INTO `detail` VALUES ('136', '128', '26', '华为 HUAWEI Mate 8', '2799.00', '1', '0');
INSERT INTO `detail` VALUES ('137', '129', '26', '华为 HUAWEI Mate 8', '2799.00', '1', '0');
INSERT INTO `detail` VALUES ('138', '130', '11', '荣耀8', '2299.00', '1', '0');
INSERT INTO `detail` VALUES ('139', '131', '11', '荣耀8', '2299.00', '1', '0');
INSERT INTO `detail` VALUES ('140', '132', '26', '华为 HUAWEI Mate 8', '2799.00', '1', '0');
INSERT INTO `detail` VALUES ('141', '133', '11', '荣耀8', '2299.00', '1', '0');
INSERT INTO `detail` VALUES ('142', '134', '21', '荣耀 NOTE 8 ', '2499.00', '1', '0');
INSERT INTO `detail` VALUES ('143', '135', '11', '荣耀8', '2299.00', '1', '0');
INSERT INTO `detail` VALUES ('144', '136', '11', '荣耀8', '2299.00', '1', '0');
INSERT INTO `detail` VALUES ('145', '137', '11', '荣耀8', '2299.00', '1', '0');
INSERT INTO `detail` VALUES ('146', '138', '11', '荣耀8', '2299.00', '1', '0');
INSERT INTO `detail` VALUES ('147', '139', '26', '华为 HUAWEI Mate 8', '2799.00', '1', '0');
INSERT INTO `detail` VALUES ('148', '140', '26', '华为 HUAWEI Mate 8', '2799.00', '1', '0');
INSERT INTO `detail` VALUES ('149', '141', '11', '荣耀8', '2299.00', '1', '0');
INSERT INTO `detail` VALUES ('150', '142', '26', '华为 HUAWEI Mate 8', '2799.00', '1', '0');
INSERT INTO `detail` VALUES ('151', '142', '24', '荣耀畅玩5X', '1099.00', '1', '0');
INSERT INTO `detail` VALUES ('152', '142', '23', '荣耀7 ', '1399.00', '1', '0');
INSERT INTO `detail` VALUES ('153', '143', '26', '华为 HUAWEI Mate 8', '2799.00', '1', '0');
INSERT INTO `detail` VALUES ('154', '144', '24', '荣耀畅玩5X', '1099.00', '2', '0');
INSERT INTO `detail` VALUES ('155', '145', '38', '华为（HUAWEI）MateBook', '6688.00', '1', '1');

-- ----------------------------
-- Table structure for `goods`
-- ----------------------------
DROP TABLE IF EXISTS `goods`;
CREATE TABLE `goods` (
  `id` int(11) NOT NULL AUTO_INCREMENT,
  `typeid` int(11) NOT NULL,
  `goods` varchar(32) DEFAULT NULL,
  `company` varchar(50) DEFAULT NULL,
  `descr` text,
  `pro` varchar(255) NOT NULL,
  `price` double(6,2) DEFAULT NULL,
  `picname` varchar(255) DEFAULT NULL,
  `state` tinyint(1) DEFAULT '1',
  `store` int(11) DEFAULT '0',
  `num` int(11) DEFAULT '0',
  `clicknum` int(11) DEFAULT '0',
  `addtime` int(11) DEFAULT NULL,
  `sale` tinyint(1) DEFAULT '2',
  PRIMARY KEY (`id`),
  KEY `typeid` (`typeid`),
  CONSTRAINT `goods_ibfk_1` FOREIGN KEY (`typeid`) REFERENCES `type` (`id`)
) ENGINE=InnoDB AUTO_INCREMENT=55 DEFAULT CHARSET=utf8;

-- ----------------------------
-- Records of goods
-- ----------------------------
INSERT INTO `goods` VALUES ('11', '15', '荣耀8', '华为', '双镜头/双2.5D玻璃', '购机送TPU保护壳', '2299.00', '201608251648368172.jpg', '2', '3', '0', '0', '1472114916', '1');
INSERT INTO `goods` VALUES ('21', '15', '荣耀 NOTE 8 ', '华为', '4GB+64GB 全网通版（铂光金', '2K大屏长续航', '2499.00', '201608301117443444.jpg', '2', '3', '0', '0', '1472527064', '1');
INSERT INTO `goods` VALUES ('22', '15', '荣耀V8 ', '华为', '4GB+32GB 移动/联通版（铂光金）', '如有异见，不如一见！', '2299.00', '201608301121201288.jpg', '1', '19', '0', '0', '1472527280', '2');
INSERT INTO `goods` VALUES ('23', '15', '荣耀7 ', '华为', '双卡双待双通 移动4G增强版 32GB存储（冰河银）', '原价1599元 直降200', '1399.00', '201608301126055758.jpg', '1', '28', '0', '0', '1472527565', '2');
INSERT INTO `goods` VALUES ('24', '16', '荣耀畅玩5X', '华为', ' 双卡双待 增强全网通版 智能手机（暗夜灰）', '原价￥1399，直降300元', '1099.00', '201608301128358344.jpg', '2', '37', '0', '0', '1472527715', '1');
INSERT INTO `goods` VALUES ('25', '16', '荣耀畅玩4X', '华为', '双卡双待 移动高配版 4G智能手机 （前黑后白）', '', '799.00', '201608301132434276.jpg', '2', '99', '0', '0', '1472527963', '2');
INSERT INTO `goods` VALUES ('26', '17', '华为 HUAWEI Mate 8', '华为', '3GB+32GB版 全网通（玫瑰金）', '', '2799.00', '201608301134576627.jpg', '1', '9', '0', '0', '1472528097', '1');
INSERT INTO `goods` VALUES ('27', '17', '华为 HUAWEI Mate S 臻享版', '华为', '移动/联通双4G 32GB ROM（极昼金）', '<<商务品质之选>>强劲内核，优雅弧屏，手机刷卡，智能生活，可圈可点！', '2999.00', '201608301137297113.jpg', '2', '44', '0', '0', '1472528249', '2');
INSERT INTO `goods` VALUES ('28', '20', '华为儿童手表迪士尼系列', '华为', '冰雪奇缘款（冰雪蓝）', '让爱 不离左右', '688.00', '201608301258356658.jpg', '2', '24', '0', '0', '1472533115', '2');
INSERT INTO `goods` VALUES ('29', '17', 'HUAWEI P9 Plus', '华为', '4GB+128GB 全网通版（琥珀金）', '1200万像素徕卡双摄像头，5.5英寸+3400mAh大电池，金属雕刻纹理。', '4388.00', '201608312020068208.jpg', '2', '3', '0', '0', '1472646006', '2');
INSERT INTO `goods` VALUES ('30', '15', '荣耀7i', '华为', '双卡双待 全网通DM版 3GB内存+32GB存储（日耀金）', '侧边指纹识别，时尚炫酷任我来，荣耀首款翻转镜头手机！直降200元，现价1499！', '1499.00', '201609021650386453.jpg', '1', '100', '0', '0', '1472806239', '1');
INSERT INTO `goods` VALUES ('31', '17', '华为 HUAWEI P8max', '华为', '双卡双待 移动/联通双4G标配版 32GB存储（星光银）', '', '2888.00', '201609021654592584.jpg', '1', '35', '0', '0', '1472806499', '2');
INSERT INTO `goods` VALUES ('32', '18', '华为揽阅 M2 青春版', '华为', '10.1英寸平板电脑 WiFi版 16GB （珍珠白）', '', '1499.00', '201609041648497611.jpg', '1', '123', '0', '0', '1472978929', '2');
INSERT INTO `goods` VALUES ('33', '20', 'HUAWEI WATCH 华为手表', '华为', '经典系列（星河银） 黑色尖尾真皮表带 ', '', '1988.00', '201609041651117412.jpg', '2', '343', '0', '0', '1472979071', '2');
INSERT INTO `goods` VALUES ('34', '19', '华为手环 B3 商务版（摩卡棕）', '华为', '华为手环 B3 商务版（摩卡棕）', '', '1199.00', '201609041701137564.jpg', '1', '434', '0', '0', '1472979673', '2');
INSERT INTO `goods` VALUES ('35', '20', '荣耀小K儿童通话手表', '华为', '双向通话 + 彩屏触控 + 迪士尼外观和皮肤 + 安全定位 + 摇一摇加好友（超能陆战队）', '', '688.00', '201609041703006837.jpg', '1', '4565', '0', '0', '1472979780', '2');
INSERT INTO `goods` VALUES ('36', '19', '荣耀手环zero 短腕带（黑色）', '华为', '荣耀手环zero 短腕带（黑色）', '至简•致美好 。促销信息：9月3/4日限时优惠直降50元，数量有限，售完即止！', '349.00', '201609041704122079.jpg', '1', '600', '0', '0', '1472979852', '2');
INSERT INTO `goods` VALUES ('37', '18', '荣耀畅玩平板note', '华为', '9.6英寸平板电脑 1GB RAM 标准版 Wi-Fi版', '金属机身，轻薄ID，轻松便携，9.6英寸IPS高清屏幕，高通骁龙四核64位处理器，双频WIFI，大容量电池长时续航，内置GPS/GLONASS/北斗卫星导航功能', '999.00', '201609041705293639.jpg', '1', '567', '0', '0', '1472979929', '2');
INSERT INTO `goods` VALUES ('38', '22', '华为（HUAWEI）MateBook 香槟金', '华为', '12英寸平板二合一笔记本电脑', '', '6688.00', '201609041708361450.jpg', '2', '345', '0', '0', '1472980116', '1');
INSERT INTO `goods` VALUES ('39', '23', '华为（HUAWEI）MateBook 扩展坞', '华为', 'MateDock USB typeC 转网口/HDMI/VGA /USB typeA（黑色）', '', '588.00', '201609041709562863.jpg', '1', '345', '0', '0', '1472980196', '2');
INSERT INTO `goods` VALUES ('40', '24', '华为（HUAWEI）MateBook 手写笔', '华为', 'MatePen 翻页激光笔（银色）', '', '488.00', '201609041710546002.jpg', '1', '235', '0', '0', '1472980255', '2');
INSERT INTO `goods` VALUES ('41', '25', '华为路由 Q1', '华为', '子母套装（雅黑）', '创新子母路由，信号覆盖无忧！双WIFI覆盖，穿墙稳定，Hilink智能家居，网络安全无线路由器。', '599.00', '201609041714027759.jpg', '1', '344', '0', '0', '1472980442', '2');
INSERT INTO `goods` VALUES ('42', '26', '荣耀盒子 标准版', '华为', '（4K，H.265，4核芯片1G内存+4G存储，300Mwifi，HDMI/SD卡/USB/AV/SPDIF/网口）', '4核专业媒体芯片，解码能力大提升 。促销信息：9月3/4日限时优惠直降3元，数量有限，售完即止！', '255.00', '201609041715166141.jpg', '1', '124', '0', '0', '1472980516', '2');
INSERT INTO `goods` VALUES ('43', '27', '华为 WS550 450M 无线路由器', '华为', '华为 WS550 450M 无线路由器（黑色）', '双核450M路由器，强劲体验快速上网，强大CPU处理能力，享受下载、视频和游戏快速体验，Wi-Fi性能提升高达30%，智能管理，安全上网。', '169.00', '201609041716202325.jpg', '1', '1234', '0', '0', '1472980580', '2');
INSERT INTO `goods` VALUES ('44', '28', '荣耀7 真皮一体式保护壳（黑色）', '华为', '荣耀7 真皮一体式保护壳（黑色）', '意大利精选牛皮，紧密贴合，轻薄耐用', '130.00', '201609041718156569.jpg', '1', '223', '0', '0', '1472980695', '2');
INSERT INTO `goods` VALUES ('45', '29', 'HUAWEI P9 无边开窗皮套（棕色）', '华为', 'HUAWEI P9 无边开窗皮套（棕色）', '', '229.00', '201609041719147624.jpg', '1', '334', '0', '0', '1472980754', '2');
INSERT INTO `goods` VALUES ('46', '30', '华为 Mate 8 高透膜', '华为', '华为 Mate 8 高透膜', '', '15.00', '201609041721282099.jpg', '1', '343', '0', '0', '1472980888', '2');
INSERT INTO `goods` VALUES ('47', '31', '喜马拉雅3D主动降噪耳机（白色）', '华为', '喜马拉雅3D主动降噪耳机（白色）', '', '499.00', '201609041723455979.jpg', '1', '445', '0', '0', '1472981025', '2');
INSERT INTO `goods` VALUES ('48', '31', '华为 AM180', '华为', '原装主动降噪 入耳式高保真立体声 音乐耳机', '支持主动降噪，重低音效果，炫酷金属外壳，卸下烦噪，静享生活，搭配华为mate7、荣耀7、荣耀6 plus和华为P8可进行充电，尽显科技与美学的结合。', '499.00', '201609041725416880.jpg', '1', '333', '0', '0', '1472981141', '2');
INSERT INTO `goods` VALUES ('49', '31', '荣耀小口哨 AM07', '华为', '智控随充蓝牙耳机 （金色）', '金属机身，简约时尚设计；随用随充，告别充电器；快速充电，高清音质。（包装盒内赠送牛皮挂绳）', '189.00', '201609041726369340.jpg', '1', '456', '0', '0', '1472981196', '2');
INSERT INTO `goods` VALUES ('50', '31', '耐翔 NAENY V8', '华为', '福星 车载蓝牙耳机（红色）', '支持耳机与免提两种模式，可吊坠、可粘至驾驶台，具有DSP数字降噪功能，人性化拿起接听放下挂断设计，懂你更省心。', '268.00', '201609041728016949.jpg', '1', '333', '0', '0', '1472981281', '2');
INSERT INTO `goods` VALUES ('51', '32', '洛斐 LOFREE', '华为', '洛斐蓝牙音箱（白色）', '设计简约大气，支持蓝牙音乐播放、蓝牙免提电话(内置MIC)', '255.00', '201609041729087433.jpg', '2', '123', '0', '0', '1472981349', '2');
INSERT INTO `goods` VALUES ('52', '33', '荣耀5000mAh 移动电源（石墨黑）', '华为', '荣耀5000mAh 移动电源（石墨黑）', '', '99.00', '201609041730117138.jpg', '1', '567', '0', '0', '1472981411', '2');
INSERT INTO `goods` VALUES ('53', '33', '云度Yundu 运动防水太阳能移动电源（黄色）', '华为', '云度Yundu 运动防水太阳能移动电源（黄色）', '防水、防震、防尘的户外设计，配合太阳能充电，妈妈再也不用担心我的户外旅行！', '168.00', '201609041732186698.jpg', '1', '567', '0', '0', '1472981538', '2');
INSERT INTO `goods` VALUES ('54', '15', '1', '1', '1', '1', '11.00', '201609051044341367.jpg', '4', '1', '0', '0', '1473043474', '2');

-- ----------------------------
-- Table structure for `image`
-- ----------------------------
DROP TABLE IF EXISTS `image`;
CREATE TABLE `image` (
  `id` int(11) NOT NULL AUTO_INCREMENT,
  `type` varchar(255) DEFAULT NULL,
  `content` blob,
  PRIMARY KEY (`id`)
) ENGINE=MyISAM AUTO_INCREMENT=3 DEFAULT CHARSET=utf8mb4;

-- ----------------------------
-- Records of image
-- ----------------------------
INSERT INTO `image` VALUES ('1', 'image/jpeg', 0xFFD8FFE000104A46494600010100000100010000FFDB00430006040506050406060506070706080A100A0A09090A140E0F0C1017141818171416161A1D251F1A1B231C1616202C20232627292A29191F2D302D283025282928FFDB0043010707070A080A130A0A13281A161A2828282828282828282828282828282828282828282828282828282828282828282828282828282828282828282828282828FFC000110800B501A903012200021101031101FFC4001F0000010501010101010100000000000000000102030405060708090A0BFFC400B5100002010303020403050504040000017D01020300041105122131410613516107227114328191A1082342B1C11552D1F02433627282090A161718191A25262728292A3435363738393A434445464748494A535455565758595A636465666768696A737475767778797A838485868788898A92939495969798999AA2A3A4A5A6A7A8A9AAB2B3B4B5B6B7B8B9BAC2C3C4C5C6C7C8C9CAD2D3D4D5D6D7D8D9DAE1E2E3E4E5E6E7E8E9EAF1F2F3F4F5F6F7F8F9FAFFC4001F0100030101010101010101010000000000000102030405060708090A0BFFC400B51100020102040403040705040400010277000102031104052131061241510761711322328108144291A1B1C109233352F0156272D10A162434E125F11718191A262728292A35363738393A434445464748494A535455565758595A636465666768696A737475767778797A82838485868788898A92939495969798999AA2A3A4A5A6A7A8A9AAB2B3B4B5B6B7B8B9BAC2C3C4C5C6C7C8C9CAD2D3D4D5D6D7D8D9DAE2E3E4E5E6E7E8E9EAF2F3F4F5F6F7F8F9FAFFDA000C03010002110311003F00FAA703D28A28A002A18268E55630C88E01C12873CD79AF8B7C5973E21D42E3C27E069D5AEC65353D580DD069B1FF00161BA19BD17B753D2B0EDACBFE14B95BBD1D2F351F87B72A86E2347F3A4D364C60DC277789F82EA3A1E57FBB401ED94550D1B55B1D6B4F86FF0049BA86EECE6198E685B2AC2B8EBDF026A5757B713AF8F3C576EB348D208619A0091827385CC79DA3A5007A0515E0DFD8FAFF00FC2E5FF843FF00E13BF137D83FB0BFB57CDF321F37CCFB4795B7FD5E36E3DABB8B1F00EA36F776F33F8EFC5772B0C8B21866960D9260E76B622CED3401E834C0EA503EE5DA7BE78AE23E31F895BC33E04BD9ED640355BCC58D826E0A5A793E45C67D325BF0AE0BC71A34D67E10F0F7C26F07C11DD5E49024D7CA66F2105A236646775F997CE938E07397A00F77A2BCE23D5FE238CC517867C31FBAC2941AC49F2FA7FCB1A87C2FACF887C7FE1ED5824FFF0008CDDD8EA6F642EAC76DD2CCB170FB3CC4031BC91BB1FC1401E9B4579ADCF84FC536B04B7173F13F548E18D0BB3B69F681500EA4FC95C87C3387C79E34B5D4356FF84EF55B4D08CE62D3257D36D4497518E0CA54A7009E9401EF345711A1F867C45A7EAF05DEA3E38D4754B58CB6EB396CAD9124F948196440DC1E78F4AF30D5B5AF1C27C2FF001078CADBC6D730BD95CDD2456434EB568C2C772D128DC63DDF745007D08CEA98DC40C9C0CD3ABC63C64756F1F78DED349F0ACB65F64F0B4EB777B35FC4F25B4B798FDDC3B508DE5065CF3C12B5D4791F14FF00E823E09FFC00BAFF00E3D401DFD35995064900579CEB3A978E5FC55A5E85A53693007D28DDDE5F4D6134B0F9EAE10A26245DA0E4B0049381543C5FE0DF1DF8AF42974AD4BC45E1F8A27749166B6D3268E589D1D5D1D1BCFE1815A00F57A2B814D3BE24AA05FF00848BC30C4773A44D93FF0091EB9B3E24F155DFC2DF89136BEAB63A9E92D7F696971690CB6BE624717C9326E62DCB6E2083401EC545783E82BE05B9D0F4D9B50F8A9A8C77925B46F3A378C1D08728370DBE671CF6AAD178CB55F0E7C02F10EBFA46A8FA95CD8EA9343697779335D6F87ED8235F9C9F9C6C6E1B3401EFFB9776CC8DDE941600804819E95E77A97FC97CD0BFEC5FBAFF00D2886B8EF88BE26F115BF8FBC0F637BA6E810DD2DE4F776E0EAD261905BC884C84C1FBB5F9FF00DAE463DE803DDE8AF0AF1A5C6AD77E3ED02D359B1D72469349B99E7D3BC35AA3A61D6745490B97872369FCCF7EB593E2B8A4D26CADEEACB4AF889A5CE350B34FB4EA3AC7996E035C46A43AADCBE770257EE9EB401F45D472C891465E575445EACC700550D7A4D522D3257D0EDED6E2FB2BB23BA99A18C8CF3970AC471ED5E47F18AF7C772FC2EF1226A9A3787A0B2368DE74906A3348EABC7DD530A83F9D007B78208C8E94579F5A5F7C47FB25BF97A0F858A796B827569FD3FEB85769A735DBD8DBBEA31C30DD94533470B97457C72158A8C8F7C0A00BB45145001451450014514500145145001451450014514500145145001451450014514500145145001451450015C97C43D03FE122D1D6DA5D5B54D3ACA27335D269EDB24BA8C2F3167A807DBAF4EF5D6D1401E45A278C3C0DA1680344D2F41D72DF4B44309B65D0AE8ABA9EBBB29F313DCB726AA7823C65E1AF077870E921BC5373A7DBBC8F07DA744BAFF47809C88B3B390838C9AF68AF22F1E5F5F78F7C4F37807427961D2600ADE21D410E3646795B643FDF71F7BD07E34013FC3BF0BF84B53993C67E05BBD46C2CB515983DBDAC8F05B4CFB8A190C2470C0AB63B56A7FC2BBD4FFE8A278C7FEFF5BFFF0019AECF4FB3B5D1B4A82D2C204B7B2B48C2471469C2201D0015E517FE33F107C4676D2FE1CDBDD69DA3B964BAF125EC0D1854EEB6E870CCFCF538C63FE05401E6F169F7AFF1867D53FE12BD7CE8493AF8646BA2787CEF3CAF9BB33E5EDF2F7FC9D3EF32F35ED9FF000AEF53FF00A289E31FFBFD6FFF00C66B421F87DE1E8FC01FF087BD9ACBA3B45E5C81BEFBBF53296FEFEEF9B3EB5C65A78A7C4FF0E1934CF1C69F7DAEE851E12D75FB084CAEA9D85CC5D772FF007C7DEE3AB500637C6DF0A5FDD11AEEAF7924B61A34BA7DBE9302BF2647B8884D3CBEAE7EE0EDDEBD0FC45AADBE87E34D12D748D2ADAE75DF104DE5DCCDF7196D61462656600FDDDCA067AE6A97C70904BF0E1A40AE03EA1A79019083FF001F70F507A549ADAE8BE0DF16DEF8D3C55AC2471DE450E9565BE06D9689F3B94DC33F7D86EDC703803D28031342B9BDB2F17FC60BBD26D45EDFC32DAC96F6A5F6F9CEB66A4267DEBA8F87FABF8693E1BE9BABE886DF4CD00DB9B9C3C80241B8B3481D89EA1F7E79EB5CFF00C1CBFB7F1078A7E20788749779747BFBFB74B6B831B209BCAB75472B91C8DD5AD6BF0BB44FB0EA3A66AAA750D1AE3546D560B19372C56EEDC94E0FCC9BB2DB4FCBCF4A00E56EE7BEF8CB7ED6563F6BB0F87703FF00A4DE60C726B0C3FE59C5DD61F57EFD3E8CF8776BE259BE1CA2F83F52B782E34DD5EF523B5BD569219E0495D12DF76772281B7057A6057B4431470C491428A91A0C2AA8C003D0579F7C06FF00913AFF00FEC33A8FFE94BD003FC1BF12AD357D50E81AFD9CFE1DF1520C9D32ED81F378CEE85C7CB22F0DD39E0D79F6A5FF0026C7E31FFAFCD47FF4B9EBDEA6B2B59AEA0BA96DE16B983708A56405D3775DA7B66BC9EE7E037862F3C37A9596A10C326AB793CD3FF6AC706254DF31701464F4076D00749E28F09F85AC6C66D5AF6E6F343B18035C4E6C2FE5B28D98B6E2EE23619727BF5AE67E19F85F50BCF12AF8AA4BDF1158E84A8534ED2EFB529E77B80432FDA264918EDC86F953B60134FF008877F6C9F10ECA2F195BEA47C2BA7DB4773691C16135CC37579B9B2D2F96ADF706DDAADDCE6AC78A3E27E95A9F86B55B0F0B5BEB37DACDC5A490DA40BA4DD2EE91D76A966640A14330DC49A00E8BC7DADE950A4BA1EB5E1FD7758B4B9883CAB67A54D750B2E7EEB320C67E5E9F4AF318A1F84D2DE5C5943F0E35892EAD4219A04D06E4BC61BEE1718C8DD838CF5C1AEEA5F17D8FC3FD0740F0D6A1F6FD6BC4C9A744AB676503CD35C155085F77400B776357FE18E85A9D8C7ABEBBE258E1835ED7AE56E6E6085B725BA226C8E1DDDF6A0E4FA93401E67629F09352FB47F677C3BD5EEFEC931B69BC8D06E1FCA917EF23ED1C32E4641E6BD48EB706BDE0FBF583C2DADDD5B81F637D36F2D3EC924E8C006C098A02BB4F5CF635E6FE0CF1BE81F0CF56F1B699E38BA9F4AB8BDF125E6A16A5ECE7749A19026D6428841ADED03E234C9078C3C53AB497CFE165BB82DF4585AC1D26998C6A1B62E37B07765DB9F7FC0030BC2FAD5FBF8C3C496317C39B9B9B0B04B3B786C0258ABD93F9659F7397F9B7A943D5BA76AA5F14752D2B51FD9CFC5E746D1DF468ADB5216F3D9C9B32970B771799F70B2FDECF435D27857C5161E05B6B9BAF1EC97769E22F10CFFDA73C3159CF3A43BDBCB8600F1A15CAAA2A63AE7EB55B4CB3D057E0AEB575F11A0B9B1D0F53D4A7D4A78A5491654492EF745B820DE32767E7401D56A5FF0025F342FF00B17EEBFF004A21AE5752F04DFEA7E25F0D6AFE2FD3ADEFF51BFD4E55BD8A38BCE82D2CFECD32C70E76FDCCB72C71B9DFE953F853C5FA578F3E355B6A5E15967BED334FD0E6826BBF21E38C4AF32304F9C039C2FA55BD4B4EF13DFF00823E22EA374B7F06A3A924E9A769DE6B31B78614291EC5070AEE433FCBD772FA50061F8C7C37FD85E37F0F5BD8E9DE31D474CB5D1EE2DD5F49BB944F196991911E6F313E4DAAC154B7F0AF071597E2BB67BAB1B28AD3C39F13125FB759BEFD56FE49ED9556E11999D3ED0F9E14F6E3AF1D6B7E3F1B7C3BBAD5B46D7A2F1847A56AB6F0C70DDC61D90DC4607FA9991D7F8589E7A8E7D6B5D6F7C47E3BD13C457BA1DDCDA6C56D7892787A578DE0FB47968A5BCE53F7A277C8E474E6803AFF0018E997D7718BBB4F136A1A1C16B1BBCC2D6181C301CEE3E62374F6AF35F1868F79AB7C24D535BB8F1B788351D167D2DAF7ECB24169019E3D9BD54B0872B918ADEF88777AD6BFA1E9FE0BB7B4FB26B9AF5B81A94B166586C6DBA4EDBF00313CA01DF3583E33F106A761F0DB5EF0AF89343D45352FECC96D2D6F2C2CDE7B3BCF9195194A67CB3D32AF8C7AB0A00D9D2AD2E6E74CB49BFE16ADF4064811FCB3FD9E76657A7FA9AEEFC29A7DDD959B9BBF10DCEBAB31DF1CF3A42B81E8BE5A2822BC8F47D5FE1145A4D9477BE14B3374B020949F0AC8C4BE06EE7C9E79AF51F03788740D6EC5EDFC330CF059D8048D626B092D5117B045745E38ED401D5514647AD14005145191EB4005149B855613B7DA8C5E44A10286F3B8D87FD9EB9CFE14016A8A323D68A0028A29370A005A28A43C0A005A2ABC12B3C8FBBEE8AB00E45001451450014514500145145001451450014514500151C71A233B2A2866EA40EB5251400522A855C28C0F6A5A2800A28A280239A28E64DB2A2BAFA30C8A73A2BAED750CBE8453A8A006A800614600ED4EA28A002AB5B5B416A856DA28E1424B111A8519F5AB3450014514500145145003768DDBB0376319A751450014D650C00201E734EA2800A6BA2B8C300C3D0D3A8A006A22A2ED450ABE8053A8A280286A565F6D81A3335C45EF1B95FE5591A3DF5CD9DFA695A8EE95CAEE8A6FEF8F7AE95BA57343E7F1B29EAA96BF950074B8E73DE968A2800AC0F1578A347F0B69C6FB5DBC8AD201F74B1FBDFEED6E3B001B3D866BF3F3E39F8E2EFC63E35BF9267C595A4860B6833C2A8FE2FAD007D1D71FB4D78262B928916A332E71E608F8AF45F0478FBC3DE368649BC3DA809E489773C4FF002B27FC06BF38D48236E76D7BDFECD7F0BF51F115DC9AF5C5EDDD868D1E5316EC51EEBFD9FF0076803E9AD53C7BA4C1792D8E96D71AB6A69D60B21BF07FDA6FBAB55BFB4FE206A057EC3A269DA6C2DFC77939775FF808AEAB45D0EC745B64834AB486D500FE01C9FF0079BA9AD74040E6803821A67C4164C9D7B4956EC05A702AA4B27C4ED2D55FC9D0B5B4EF1A96B77FFE26BD2A8A00F35FF85857564EB17883C2BACD8E0F32C31FDA23FD2B97F89BF1EF41D0342593C37731DFEAB37C8B09E3C9FF007C76AF6F75257826BE77FDA5BE128D774C5F10786EC221AB5B9FF4A8E04C19D3FBDF51401F3F6ABF1A3C79A8CBE6C9E20B9879C8487E502BBFF857FB436B3A76AF15B78CAEDAFF004C97E433918787FDAAF9EE48DA3764718707054F5142900609E0F5A423F51B4FB98AEED629EDE513452A0747F55356EBCAFF0066FD5A5D63E14E8D35C3B3CB0EEB72CDDF6D7AA53195E74DC0C7B7871CD47A6D945636FE4C3B82039C16CD5CA2800A28A2800A28A2800A28A2800A28A2800A28A280385F1278F9FC3F3BA5D784FC4935BFDA12DA3BA812D8C733BB844DB99837CCCCA3E602AD1F18249ABDAE971DAF9576D646FAEA3BA9D626B453C468FB777CECD9E9C008C73D33E5FF0010350D4FC3F7F7705CF87AF257D67C556171693A5D5B6D9FCA7B7088019370C887AB0500B726B57C2FA34F61E2CF113B786A4D62F2F12D6EEE5B52B880CD0CAEAFF213CAFCAA157E4F978A00F4CF0A6BD06B9A4D9DDBA35A5DCCA449693383246EA5830FF68643618704723835493C5D687C45ACE98C81934EB382F03DBB19A49BCC336E458D46E2C3C9E8324EEE95C6FC05825FF841BC2CCFE19B6823FB0A11A8AC91973C7DEDB8DDF3570FF0FE1F0F1F1C591D3AC2C975216DA6B79915A6D75976DE79CDBF6F56FDDE5BBF1F7B6D007A95AFC4DD3A4F105FE9E749F102C76F6D6F32BAE8B7ACE4C8D2820C7E4E500F2C618F0D938FBA6AEF803C7567E2CD1EC2EC596A16334F682EE4F3ECA74813217216774547EBD8F3D6BCC2CBC33A8D9695A54DABC1ADC37F3E9CB653C8FE289C3497ED8D8FC4D8C677FCBD3E6E956AE2D05AF80FE25A5B3DCC7636FA0FD90DADCEA725E3C372914E646C3B9D80ABC38DBC1C66803D32CFC6FA630F124DA85CDA5A5A68D77F66333CE30EBE4C526FF6E65C7E15CA69BF1C3C257B3E961F54D3ED60BBD39EF24696ED55ADE6063C40E3FBC43B7FDF06B07E1F4FA75FF8F3563A3695770EDD4A7632B6992C0A919B0B7508CC5060EF04EC3CF3BB1F353FC3F14B631F82EDA79358D335DB3F0E3E9ED66BA5F9CD205FB3F98431F97019107FC0FAD007A5FC3AF1969DE36F0DDA6A7613DBBCCD146F750452F99F669593718C9F515D5D731F0F2CC699E0ED274CC5C9FECEB68ECB7DC5B981A4D88177EC24E33F5AE9E800A28A2800A28A2800A28A2800A28A2800A28A2800A28A2800A28A2801A7F8AB99B3668BC69748C3E592DD592AFF00897EDD1D989F4F930D11DEC98FBC2B2357B8175A6D9EB765C49111BFFDDFE21401D7839E3BD29381505A4E9736F14A9F7641B85636B3A94AD72BA769D9FB54C3E693B4628034F510CF6774B17DF689D57FDEDB5F997AF42F06AD7D1DC7CB32DC481C1F5DD5FA37E12BCB875BCB4BA3BE7B57DAEE7F8ABE62F8FDF057588F5CBAF107866D9AF6C2E4F9B2C318F9E27EFF002F7A00F09F0968773E24F10D969164B99EEA40831D8773F957E8DF86F49B2F0CF87AD34CB7DB15AD8C2A993F28F735F35FEC85E0A02FF52F126A309496D4FD96DD644C157FE235F43F8DBC3FFF00090587953DF4D6D6C9F7C43FC740195ABFC5DF0569777F649F59864B8FEE43F3D753E1DD7ACF5FD396F74E66789FA66BE7EBDBBF859E1ED697438B42BBB9D524F956630E72FF005AF5EF036857165A6B7CED6B049F3087D280B13F8BFE257857C26DB35BD492193FB8A3735728FF00B42F800FFABBCBB9BFDCB56359DE22F83B16A1A85E6AD2CDF6FBACEF485FEE9AE46DF59F1C695A9269B6BF0D74C54CECF34A2FCCBFDEA02C7B7782FE20F87BC5E8E744BA6675FF009672AEC6FCABA87048DF5E6BE16D1EFA7D556F2EF41B7D1E5037130FCB935AFF0010B57D4AD3C3171268AF6EF3AC8A8E5A4FB9F350163E64FDA9FE1D8D135D4F116916DB34CBEFF5FB07CB1CB5E0AB11721532CE4ED50075AFD09F1769175E2FF87FAD697AED9C56F2BC2CD0847CE4AAFCA6BC1FE067C0CB99AFACBC45E2768D2CE17F320B643969994FF15007B87ECFDE1EBCF0BFC33D26C350F96E242D7047F743738AF4EA8E25180718F6F4A92800A28A2800A28A2800A28A2800A28A2800A28A2800A28A2803C5FC72A8FAE5AB6B97FA79F10DC6B1A7C7A5E9714C1A486C96FA32CE17EF1DFE51776C606C51FC19A9FC4C3466F887AE7F6C5E78AADE4FB35AEC1A2FDBF691893EFF00D98119FAD7AD3411199666890CAA301C8E47E3447046B2C92AC6A24931BDC0E5B1D33401E2BF04A0B0D2F45D0219878C535C8ACB64B61751EA0B68AE1092A048040BD0E39033D2AC6A5A8F88344D6751F142F87EE747D15A2B3B79A09A581A668A3FB4E711C6CFD5EE23C0560DF21FA1F69A82685265DB2AABAE43608CF20E45007CE6FE10D234AF0B5BF872FF00C3FE1CD53C4D6B059DC40BA6E9E1AF257475768EE46C3B15826C323B857DE7815D5FC3CBFD2EC4DF4BE1BD034CBED4AEADFED77365A2C16D6CD6637A46968FB821DDFEB18F9841CA3FCABC2D7B22C688ECEAAA1DBA9039351C56D0C2F23C50C68F29CC8C880173FED7AD0078B6AF078B349BFBBD4EEF49923D2B52D5C4B7369A75F4AF7B24535B476DB024681432B46B26FF0030630715857BE03D56E7C73A04BF6ED56C2F2E2C2F6EA2D364D6AEA5F2911EDC089E7DE5D4BEFF0098A1DAA427DFD9F3FD1D55DA18CDC24A6353222950E472A0F5E7F01401CB7C3F5860D32EAD6DED35BB19629BF7F0EAB3CB70E1F0BF724777DE9B76FDC6DBF439AE9EEAE61B585A7B89638A0519791DB681F8D735E38F1545E1E86DE0B6B79350D62F9FC9B1D3E13B5E77F527F850777ED58F65E0297599E1D4BC7F76758BA1F347A7A656C2DBD963FE33FEDBD005A9FE28786BED0D069535E6B3383B4A69568F70BFF7DA8DBFAD31BC7BAAB9FF0045F01789DE3F5912188FE45EBB7B3B582D2158AD2148214E1628902AAFE02A762147CC47E3401E7EFF0012A0B400EBDE1DF126909DE69EC4C910FF0081465ABA8D0BC43A56BF6DF69D1B51B4BE83BB40F9C7D47F0FE35B03D8D717E21F87FA56A97A353D3DA4D1B5B4FB9A8E9FFBB933E8E3A3AFB3500766A491D5697FEF9AE07C37E29BEB2D6E3F0C78CD21B6D5E4526CAF21E20D4557AECFEE3FAA7E55DFA9CD002D1451400514514005145140051451400D600A90DCA9AE56E74FB9D2DA75B5B7175A5CBF7EDFF893FDDAEB290F4E280386D335F834D89E2959DE14FF005287EF2FB356D7872D64F3A7D42EB7ACB3F210FF000AD5CD4747B1BC4904F6C8C5FF00880E6B2EDD75ED3D3ECD0C115DC49F72477DA71400EB36FB0F8B6F2DDB88AED16543FED2F5AD9D46EA3B1D3EEAE0E0AC11BCA47FBA335CBEB31EB57902CD35AC5035BFCC1D0EE6FF0080D65F8A63B0D3BC19A86B375793794D011705DF9653C32AFF00B540177E0F41B7C116776F1A2CB7EEF78E17FBCCD5DAF94A6B97F87B756ADE19D320B65F25120558E23F7B6766A3C75E37D07C1B6914BAEEA115ABCE71121F999E818BAE5C7872C3528E4BA82D1F543F73722EFABD79E23D160B756BDBFB7841F56E95C9580F0ADF797E23BABE8AF64BA4FDC946DD91FECAFAD790F8AEEFC01ADEA77F636F69AACAD6AFFE92124DB8FF0076B2E6BFC207B7EA7E3EF0F436CE34FD7AC5EE0748FCC0C5BD96A7F05F8BFF00E1253247358CF652C7F74C8387F7AF9B34DF10FC23F0AEAF089BC2BA934CB8613CF26F15F4B7813C63E1DF15DA09FC3ACAF1A8DBC26DDBED4F511D5CF930BE177B6381EB5E11A85CD878BFC5ABA0687693691A8C0EF3DC4E8C191997EE875FE2F9ABDBEFE1927B79638A4F2DE4428B22FF00067BD727A3F80E0D2FFB27ECB3B24F6321965B9DBF3DD3375DE6A90CDAF0E0D49F4983FB6E344BE036CA89F323EDFE21F5AE77C1F7674CF14EB7E1BBB0AA89FE9B6581C794FD47E75DF460ED62C36B1AF30F8A17F6DE19F17F843C477B3082D4CEFA7DD39FEE3AEE19FF008128AA11EA6BD296A08658E74492270E8FF32B2F422A7A0028A28A0028A28A0028A28A0028A28A0028A28A0028A28A0028A28A0028A28A0028A28A002A29A548A269242A88A37313D854B5C57C61BF7D3BE1AF8827849495ED8C0847AB9D9FFB350065FC32B77D7AF750F1BEA0A7ED1AA13069E87FE5DEC91B08A3D0B9F9CFE15E8EC5517938159DA058C7A5E89A7584436A5ADBC70003FD9502ACDFC91C516F9480BEF49818FE21F15E95A1479BFB94898F0BBB8CD790BF8BAFFC59F11B4BB7B5BD48F4D824DC12193EF1FEF35741E36F85565E36D61B54BFD5AE0E17645027FAB4ACAF0B7C36D37C2BAEC16FA548F3DD6FDF3483A2AFA565CC49B3F11754BB7D4FC8FED36D2E0B62364DBB68DDFD6B63C07E2B96FEE7FB3EF352D37536C7C9736727DEFF00797B1AD1F12786F4FD7A755BD8FF007B1FCD1BB2F1BAB91D2FE1E787BC31AEA6B10C1E56A7F37FC7B1D911FF00796A6E0CF40F19F876CBC51A2CBA7DE9689B22582E633B64B6947DC950F6653599F0E75EBBD534EB9D3F5B11A7883499BEC97E89D1DB194947B3AFCDF9D749A4DD7DAADB2A3EED713E2151A0FC4FF0EEAB18C5BEB51BE93778EEE177C2C7FEF975FF008156C8A3D1A8A28AA00A28A2800A28A2800A28A2800A28A2800A28A280209D378746F995D76E2BE5EF8A7E2AF0AEB5A8DFF81EEB56B9B382DE6056ED3E68DDFBA37FBB5EE9F14FC492785BC19A96A76E8B25D47195823EEEC7D2BE2ABBD134CF10781F56F14E9CD3DBEA96172AD790CADB95F7B7DE5FC6803ECC8A3867D0B4CBFD2E44F32D224473FDF0ABF77FE055E63E2DF04DB6BFF116CF5EF89175145A44D095B4B459311A2A73B5DBDFDAB3B55F8C3A5E91F0534B7D2E789F5EBBB6107929D6275FBCCD5F337887C51AEEBBE5AEB5A9DC5E247CA2C8F9099F4A00FA5FC53F17FE1D68B05BE8FE1AD24DD428FB7CCB61B1201BB9653FC55D1D8D8FC33F0B19B56B9B89DFFB5945C1337CDBD5ABE2D8BCC91D63887CCC40007AD7E847C38F085A47F0F7C3F61E22B2B7BABA82DD58F98BBB1BAB3E451F845CCCF2AD6BC47F0BB549560D2BC3136B5719DA1FC920257AE7C36B1D32CB4E54D3B475D299FE6F29074AEAAC743D2AC148B3D3AD605FF62302B4523451F2003E95A0C4A55EB4FA4518A630E82BC0BF6C2B9B55F8736B14E7F7F25EAF929EBB7EF57BA5E4E96B0B4F34891C083323B9C055F5AF85BF68BF8891F8DBC551C5A6E4E93A7E6285FF00E7A3776A423B1FD9CFE314BA3DDC5E1BF13DCB49A6BFFC7BDCBB67C9FF0064FF00B35F5BD95F417D0A4D69224D03AEE4910E41AFCD0D22C6E2F0CEB6D6735C3F4063FE0FAD777F0ABE296B9F0FEFB6472CB75A4EFC4F67236EDBEACBE9405CFBF81CD2D63784F5CB5F11E8165ABD832B5B5D461D31DBDAB66800A28A2800A28A2800A28A2800A28A2800A28A2800A28A2800A28A2800A28A2800AF3DF8EF1193E18EB0CA3FD4B4329FF7565426BD0AB27C51A4C5AE787B52D2A6384BDB77858FA6E5C66803421612428E872A4022B3BC436AF7566A9172EADBB06B9FF857ACC9A9F85A0B7BF022D574CFF897DF43DD268F8FC986187FBD5DA4A9BD714981C1EA57971E1ED337E37CF70EA88BE959FADF86FC4CE905DF85B568AD67621E68644CACDFF02AEE6EF4F866756BA8D64C7DDCF4AF1AF885E24F19E9DE21FB2457569A658FDE85D8755ACB9493BBD0ECFC577176FF00F092CB682D4A6D1141F781FEF6EA8C453C97F2E9F3CACF241F72461D56B8AF03EA1E2FD7B565116B91496F1FCD33F97F2B7FB35EC6960AD224AC374ABFC7EB53CA3B8FD12DFECD6EC9D4D71FF199BCBF0EE9976BF7ED758B19508FFAECA0FF00E3A6BBF8E3F2D3FBD5E7BF14DD750B9F0C786EDFE6B9D43548AE5D57F86DE16F31DCFB7CAABFF02ADD0CF46A28A298051451400514514005145140051451400514531D829E6803C1BF6A6B992383C211C37EB64CFA9FCF23B7CAA9B7AB0F4AF2EF136B7636FA578D6F340B1B53E1FBA44D3E49997FD7DC8EB2AAF6AEFBE31DA5AF883C75A8AC3A7FDAEEB49B2402E2E9F1696C5BFBFEA6BE6CF145DDE691633E8116B105E5A5C4DF699E3B51FBA57F6A00C0D66F5AF5EDCF96882389631B3BE3BD665145007A07C14F0C0F167C43D1EC2442D024BE74FC71B179AFD0E8A348F6A2200A062BF38FE1DF8EB55F01EA6D7FA13C02575D92099376E1E95EC963FB566AC83FD37C3D65237F792561401F5E0FE2A757CB96BFB56D91FF008FBF0CCC0FAC538AB937ED55A188FF0075E1FBE77F433281401F4B374AE7FC55E26D2BC2FA6CBA86B97B15ADAC63B9F99BD82D7C8BE32FDA53C53AB4ECBA02C3A45AF6F977C9FF007D57927883C47AA788A76B9D6B50B8BC9DB926693207D05007AAFC64F8E9AAF8D04FA5E845F4FD05FE565FF96B3FFBC7B2D7879CA1C66994AA093C5007B07C20F883A6787B44B9D1752D0E7D41AE67F36392DBFD62F6E7FBC2ADFC47F879068FE07BBF1341706E3ED17C3637966329BBEF230AF25D1F53BDD1B5386F34E9FC9BB8BEE3AF6AECEF7E27F8A75D861D335AD5CCF6124C8D209231843BBEF5211F42FEC79ADCD3785B52D12EC481ACE5F361DFFDC6F4AFA2548238AF11F8436D6B16BB2493BC2975041E441342EBB2F626F995947F7857B6C5F77A6298C75145140051451400514514005145140054745494C647525474500267039ED4C12121BA62B95F1378A17477F26DD04F30F9A45CF08B5BDA6DDA5DDAC5711A95591038CFBD7143130AB3E483D8254A708A9BD8BE243F352F99C37AD656B1AB5BE97646E2E4FCA3A28EAE7FBA29DA4EA506A9662EAD5B28E2B6F6D0E7F677D45676E7E86B71ED4920CAD09DE9D5B01E7FE2AF0BEA50EB5FF093783A5860D6B6AA5D5B4FC417F1AF457F471D9E974CF895A40996C7C4F1DC786F54E86DB521B11BFDC97EE38FC6BBD618E9552FACADAFE036F796F0DCC27AC73461D7F23400FB6BCB6BC8B7DB4F0CF19E8639038355B57D0F4CD5D15752B38AE157A0715E0567A3784357F17EB4D7900D2AC6F2E25D1F4492CCB430ACD126E96525481BD9DBE5CFDED9527861758F0378E344D3EEED74CB38A48255D4AF5F5379FCFB745CFDA36B9C4233B7AF52D5207BE699A4E9FA543E569D691409FDD44A92F6FAD6CA3325E5CC36D18192F348100FCEBC07C6FF0015356F1A5E3F84BE135BCB753DC298E7D54E51224E8593D07FB67F0AE12EBC091E84354FB6F880DEEBDA4EA16D04769708B39BD77D9B36EF3908DB9C11FEC50173E83BFF0088B63753BD9783E09FC4FA97DD0967FEA233FF004D663F228FCCD5BF04F866F2C6FEEF5DF135C4779E23BD511C8D10C436B10FBB0C20F6F56EE6BABB3B486D60482D608A0893FE594281107E02AC5501254752514011D14EDDED4DA630A2A4A28023A28A28024A28A29082A9EA12C76F0B4D2B6C8E242ECDE8A2AE5713F18F554D17E1BF882F4B6C22D591597AE5B8A00F88FE2F78E64F1578D35BBCB0927834EBA709E4893E590270A58579F71E941393934940056BE81E1ED535EBD5B5D1ECA6BC9D88F9635CE3EBE950E81A4DE6BBAB5B699A5C2D35E5CB848D07735F7DFC15F87707807C2715B4BB1F569FF797732FF137F77E82803C13C13FB31EB5753C4FE2DBDB7B3B4EA6180EF90FE3DABD93C35FB3E781F4600CD62DA8B8EF72735EB69185E84FE35250079EDE7C1DF01DD5B985BC3764887BA02A69F69F083C076B00893C3564EA3BBA9635DFD1401C37FC2A7F01FF00D0B3A77FDFAAE17E2BFC08F0F6B1E1F967F0CD847A66AB6C9BE1F217E597FD965AF73A2803F2E351B496CEEA482E0149D18AC887AA9155A1FBE3DEBAEF8B891A7C45F10089718BD9338E9F7AB8E538607D2908EE3C4DA7DB0F06693AADA69F15B2C93B5BBC88D9DECAA335C52B80D9C646738ADDB8F1034FE0EB5D0D90E21BB7BA0DDBE65031FF008ED73D401F40FC0DBFD22E7E25F830696F70B32C32C73DB3B129136DFBCBF5AFB493A57C07FB300CFC65D107B4BFFA01AFBEA2E505318FA28A2800A28A2800A28A2800A28A28020FE1C51BB0A691B18AE0FC57AE3CC93DAE9F288E28FE59A7CFFE3AB5C18BC5D3C2D3E79C8BA14675E7CB13B70536654E56B0BC65AD7F6368B2DCA9C48CC101F4CF7AE7BE1B7882DAE34ABA8EE2EC3B5BB9215FAAA5735AE7882CF5CF124B6F7F1BFD8F66D8049F283EACB5E762F338470BCF1DE4B63A68E127ED7965B2197AA751B368AD2F218D586E91CFDF7ADAF87BE29482D2E2C353BB8A46B41BA37FE274AE7ADB40D3D525686E6E6343FF002C918608ACB587466BFF00ECEB691FCB972D2127E7CFF76BE4F2FC7CB0F373849C8F62787A7387248EB356BF9F5457BBF29A7B83FEA630788D6ACFC2FD62684FF61EA5008E64CBC2E0FDE5EF9AE66DB42BFB69D869FA9446DD7F864CFCAB54EE2C65B099B5092F7CE9C7CC9E59DBB0FF007AAF099872623DACA77B933C2D39D3E489EFCB222FC8CDB58F4CF7AB11FDD6FAD7886BDAC6A575A74177A9C890C9090F1C29F7B76EFBCD5EADA2EBD6379A3C77C2EE2F21FF00E5A33607EB5F6581CCE9E2DCB97A1E356C24E82F78DA6C63A57997C71F185D784FC3B6A3489238B51D42E45BC323AEEF2C6373BEDEFC7F3AED754F11E95A6C066BCBB8917B7CD927E94D8FFB23C47670DC182D6FA01F346658C3E3E99E95E87B684FDD8C8C697B93539C6E8F93ADBC4DAAC3E1A6F0F3369975A5B48F291756BBD8B96DCCF9DDD72D527C2EF8636FE3DF106ADFDA5AA5CC16363E48963807336EDCDB73FC2057D623C35A2639D26C0FFDBBA8FE9562C74BB2B10FF61B2B7B6F30EE7F26309BBEB8EB514A8CE2F9A52E63D3C6E3B0B5E9F2D1A3C8FD4CFF000A785746F09E98B63A058C56900E58A8F9E46F576FBCC6B8CB4D1F4D6F8F3AA4D79616D35CC9A55BDE5B4D246A5E3647646DA7F87F86BD32EEEEDED62DD7122C69F7726A2105BB5CFDA44317DA026CF3760DF8F4DDE9ED5BDD1E497146D5A6D1E622AFCC718A7D573015C62A95EEA36B66B19BB9523F31F626FEE69BACEA5069B60F7371F328E883A93FDDAF25F15EA125ECDBEEA467BAB81B21853EEC7FFD9578B8ECD6182E58FC5291D185C23AEFFBA7A56B7E21B0D26E2186E8E59CF207F02FF7DBFD9ADA8DD1D374477A91906BC535E86EE7B368ED2279E578D5679E43CD7A07C3FF0010B6AFA4797751A43756E444EA0F5FF696B9B2DCDE38C9B8CBDDFE535C4E0BD9534E3F33B2C00680BC1A85A4441D7E6FBB8F5AE3BC4BAD9927974DB299A1C26669D7AA7FB2BFED57AB8BC6D3C2D3739C8E5A345D57CB13A8B1D4ECEE9A716B7092184ED902F6357908C5789F84FC4167A6789DD678E68ECE78C42921FBB9CFDE6AF6B4C6CCEECD6396E37EB70E72B1145E1E76E859A45E94B457AA6415E67FB43D94D7DF09F5E86D236797C90DB07701ABD32A0953CD051D414C7465C83401F96646292BF44F56F84BE0BD47ED7E7681668F763F792A26D61FEEFF0076BE44FDA13E1FDAFC3FF13C16DA4898E97771096332FCCCADDC668024FD975037C62D28300711BB7E95F7BAF535F027ECC0E89F18748DE54643819FA57DF311DC09F7A007D145140051451400567EB9A95BE91A4DD6A176FB20B78CBB9ABEDD2BC2BF6ADF147F64F822DF4CB59144FA8CDB1877D82803E3DF186A5FDB1AFDF5FF006B89DE5DBE9935898A99DF2EE587CCD5D3783FC3B26B2353907CB1D8DA3DD4DEC074A42394C9E940E0F4A76D63C81D6B4BC3D0D8CBAE5945ACC92C3A7348A2E1E319654A423DF3F64BF02DCDDEBCDE2FBA89A3B1B3062B7EDE7487A9FF00756BEBF87EED637846C74ED33C3BA75A68AA89A7244BE46CEEBB7AD6E551414514500145145001451450014514500665F67FB3EE3670DB0E2BC3A3BF9ED4FD8F56B427696F99C1657FF6B8AF72BBC8B294A8DED83815E2F17888ACCE2E6099240595D5D32057C7712B6B92D1E63D5CA766616A0D24F73E7D8DBF90917CC1F1B41DBFC35B497D61ABD86CD5006940F9197AA1ACFD4B55BCBE97ECB6913CC8FD37A63F1AC9BEF0FBE951C72DF5DAEF93E631C7D457CD28FB4518C9F2BE87B3CBCD63A05D3634818D95E4DB88DC0B38E69F696DA6EA96091CB1A412C678993EF6FAE6B4BD2F5ABA8F365892DC657793D2A6B9D2EEF4CB673713B47705B8407E4A72A76D39F50E5E6EA7411D9EA70FDCBF86603E51953FF8F5655FE977EF7AD2C4E977E490D2227CA3FDDA8AD535A8D2267216DE67189F3902B4FC8BFD12696EA1637B6B272F2AF50D4A2B91F4B91B6C2FF6BDB5D42E2EEC59A70368570588FF0076B22DE4D55ECDD6DEDBFD0639C4AF01F5FEEEDAE8ADF5F69E231DB2BE5DB01CA74AC6B71AA3CB2DD589FB4C7E66F914FDECFA355E1AB4E929D972FCC22AFF00144BBAE810DAB5FDF145B874DB1C2DF314AD9F85BAE496737D8EEA344B5BB93F778EA1FF00C2B19B568275912EB4F2F718E37A367F3AC48A2BD8E68EE11D2CBF7DBA32C394AEACBF133A13539113A30AB4E503E97428A3D6B3354D6AC74D9112EEE112593FD5C79F9DFF00DD15C059FC44B4D3EC6EA1D72EE27D4211FBAD91B7EF8EDE178FE2AE2F46B71E225BAD4355B971A94B233EF56FB9E8AABD96BEA7199AD385053A7F6B63C5A1819CAA38D4D144E97C69A8EA5AACC8F6107EE20903A173C332B7F76BB8F09F8920D5342179708B0490EE59C67A32FDE6FA579A47A2DF0B36F375487CA93F8B636EAC6BE924D06168ACAE8BF98DBA47DFC49FECD78197E6D384A77973731E855C153AAA3087D93B4F18EB924F6A6E7CDF22D9371823CF2E7B33577DE10D462D4FC3F677714A26CC615DFF00DA5EB5E396DAF5BDE479BDB2DEF8F93285BF26A34BD4B5C3637B65636EB1DAB3EF31E369C7F12AFB356981CD6A53A939D7FB4456C0F3C1421F64DEF1DEA73DD3DC4F3DDAC56E3FE3D605EE47476AE6B479FF00B7EDA7B6D42E9A331EDDBE57196F56A2FB541728A6E6C984B0B0620A16F917AAAB7F76B4EE6C6CF51856EAD244B2BD54E3CBFBAC3DEBCAC4621D47CF57E2EE76420A9414223ADB47D423B795CEA913C47E5CB86DE2B12FA06D0C79B657064BA73969D0F1FEED6C4767A8EE64FED247F33ABEC3855FF66B21B46BAB699E4B74FB6CB03EE7507E4DBFDDDB5951AB6973299A423FCC6ADF6A3ABC1A6DB5C6B9AB21BA003471A2F47FEF37E145D41AE47792DEDAF9370B7443C918F97E7DBFC355AD92CFC4134EBA9C33C77006D8FF008762FAD598E0D5F4E26D82A5DC417E4981E8BEF555B1752778D495E5D9EC42A5087C3121D5EDB58D45079B135AA27CC4B95C8AEF7E1D789DB51F3F4BBB76927B503131EB20FF001AE12FFF00B76EE157B789E3E7696DFD4FF8569F81F46B7B0F166993DD5C99353732F0A7803CA7CD7764F8B952AB085F46FE189862E942741F37C513DC28A6A77A757E8A7CF051451400578C7ED3DE0D6F13FC3C9AEAD9435EE96DF694017929FC43F2AF67A82E13CC85D30A770C6D61906803F31B45D46F343D52CF54D3E4D9736F2078D87AAD7DFF00F093E23697E3DF0FC13DACEABA8C6816EAD8F0E8FF00E15F267ED1FE06FF008443C6B2DC59DB94D2350CCB6C57EE2B7F12D79CE8DAFDFE8D7915CE9D772DA4F17DC9206C7E7EB4847E9C2B738DA453ABE36F0A7ED25E24D3E258B5682D7535C712BA946FD2BB3B3FDA96C5E2FF0048F0F4FE68EA1275C5319F4B515F381FDA8F4C1FF32F5DFF00DFE4AA97FF00B51C28BB6CFC3CCAEDF70CD37CBFA5007D2579731DA5B4B3CC76C51A33BB7A015F007C6DF1E49E39F15CF780EDB5837436D1764556FBDF535D0FC43F8F1AFF008B74A7D35D61D3206CEF1685B327B126BC5A490CAEBF2807A605004B6CA5D97F76CFCE3E4EA4D7D91F0D7E12FD8BE12EAF6CC3CAD6F5DB7F9E49BFE598EAA2BCD7F65BF87B1F88B539358D5ED98D8583AF94ADD1E5AFB0E7844B1B4606D52BB6803F3F7E1FFC35BFF1278B2F34B712FD9B4FDFF6BB883E655DBD81AEBD741D26C659ED22B3C95CC45E41F315FF006ABDBFE03C5FD81AA78ABC15756BB2EACAECDD0B8DBFF1F11CA72BF95707F13F416D1FC697304526E8E74FB4267D2811ABFB37F8CCE99A95FF0082F5BB9B895B7EFD30CBCEE4C728B5F49478C7CB5F0DEB89731FD9B55D3498756D365596DDD3F8FD56BEB6F865E31B6F1A7842D358B5DA2571B278FF00B922FDE140CEC28A28A0028A28A0028A28A0028A28A00CFBE6F26CE793B2233578241E2B8E46952E0329DED856F96BDFE444963951F9561B4D78978DFC1A9E1F596FACBCDBA89FE658FC9695F76EFBB95AF9ECEB2FFAD42328AE6E53D0CB2B5383719FDA32EEFC50EE9E5DA91BFEEA305CBD535D1357D46647B91E5A11BBCC90F6A8B4F9EFEC79FEC5B8491FE657101E2ADC975AEDFEE8AD74EBDFEF15F2D80515F291C1D5A73E4A703DCF6B08FDA8F29335B47A3B245A3CAF3DC3ED528C7E47AAEBA6EAD7F34E2F5F65B4679E78FC2A8E9B1EA16772C56C2EDE5C328FDC36D15D3D8B9D46D7ECD73617D1AFF1A2215E7FDEACE746B435B5FF00BD6075611F85981A6CF24EB3D85842D3292CB82FF2A1FEF56D59FDAC69665D464F2205F94A67FD662A841637506A13DBE9161748AE8776F4655FF7AAEC17B7F114B7D534999D906D4CC2CE87DE8AD4673B72C0994D771DA55EFF006A696F0DBDE0827CB2C8E53923F86B22C2EA4F0F5E4B02486E91CFCC4750D534361797BA83DC2E9B776F6E9F7C448C85C7F76A7BAB2B7B4B39DF4DB0BDF35D7E7F32162DFF0001A3EAB38C9D3E576974B0F9E1B1A117881D6121629B79F953F77F31AC510EA7E227632A2C71A9E6722B4349D4EFD2DFF7BA6DF79A8BC398CFCD4CB9935CD51E58ACED2E2154F99BF765016ACA185AB093E587CC23351F86C508B44FECDB98F53BF952E602FB4249DC766ADDBDD3AD2E8FDB6C6E12D2E8F554FB87FDADB515A4F7F78FF63BBD15CCF8DA3CC8D993FDE0DDAB9EBBD235EB4BB96D25866CFF00CB37119757FF00E26B6F635EA357F76488E7849FBCCE8974ED41D1A03A8200FF0079F61AA70697A6695FBFD4E65BB9FE6D918FB83FDAAA0B1F89D6D9CBE9D72546D56F96A87D96FE5790DEE9D7A53D12165C52A586AFAF6F22D387737746D6A7812764458EDE69024781C21EF57278F53D3AE9EFEDE56BEB7917F78C3829B7FF0065AA96D7133D87D9FF00B1EED54A15FF0052DF2B7F7AA1B2D5B57B44F2BFB32F55718FF52C734BEAF535E5804A70FB26A2EBA1EDE58A48A5319F94068CE4FF00B35C8C8F7324BB2DFCD8F2FB3F7BD17FD9F6AEC2D353BC98C5B74EBDF35BE5F9A365F9BF86AA5FC1A943777506AB632ECB8019248632C01FF80D2A146A41BF7088D587C267C09AE46B0A5C7EE6098F9226CEE515A31595EE8323CB685AEACA4EAE9D50D54BAB8D56DEDBECF71A6DD6C65F91D119BE6FE13ED441ABEB31C2D1B69B7BB586DFF525B27D6AE587AF25EEC342F9AFF690EBEBBFB53A4B03CD0CEBF226F8CB6F5FA567C1AC6A56CFE64D6B33C1F7776C2D5D0C1AA5E95F3974FBBDFB777FA93D7FBB54E4BCD5353BD4B109756C8C7E77581945442854F8674FDD2B9E067AF886EE75D96914CEF8C158D0E09FF6AB53E1D09E5F19E9F2DCBCA8E3CDCA3A1FF9E4FF00366A582C754F0DCD21B749EEEC1FE6DE8A778AE8FC19A94B73AE5AC13DB5CC48E5F697848C8D8DD4D7661294E96221C94FDDBEE73622AFEEE7C9D8F5CA28A2BF463E6C28A28A002908CD2D377A63A8A00F35F8F9E0AFF84D3C05796D6B0AC9A95B8F3ED727B8EA2BF3FEE91A0B878DD1A2910E195BA83DEBF50A73E646CB13A861C07F46AF91BF6B9F0DD958EB5A26A1676AA979768DF686863F95F6FF001605007CE1B9B1D4D4F6A8F3B85196F6F5A492DA72C4FD9E5009FEE1AF42F827A07F6DF8E34BB0B88986F9D5C878CE36AF34847A2F807F66EBBD7BC34BA96B5A83E99717037C1004DDB476DD5E71F14FE1AEA7F0EEFA08353786E629C17867857E46F622BF4161088BB17851F228FA57CF5FB63696B71E19D1F534123BC13ECC20CF0D4C67C71C826803240A98DB5C64E6097FEF83525BDACDF688B7DBCA5770C8D879E6908FBB3F65DB35B6F847A5BF56B877949FF8157AED61F846DED2C3C37A65B5A4690C096E9B6351D38AD959233F7585319E69F14FC1FABDFCD0788BC1176B65E27B24D8377DCBA8BFE793D63F87EEAC7E286933DAF89B4CFECFF13E9DFBAB9873B648CFF7D7FD835EC5E647866DCB81D4D791FC4DF0EEAF6BAA47E35F0432B6B569162EEC82FCBA843FDD3EF401E33AEE9B2E83AC4FA5DC33ED0774733AFDFAD0F833E23B8F04F8D3FB3A6B81FF0008E6AEDCFF00D309BF85BFE055EADA6EABE15F8B1E1C911E18A0D7A089BCCB3906D9ED5D7B6DF4AF0AD5B4FF00B34D7561707F7A0EC756F970BFDEA047DA6BD179CD3ABC33E057C46176BFF08AF885F6EA3669B6D2EA43B45D45DB9FEF57B887423AD031D45145001451450014514500474FDA28A298C6ED146D145158D908362FF7451B17FBA28A28B21DD8D11AFA52F96BE945159C003CB5F414796BE828A2AF9505D8796BE829762FA51451CA82EC4D8BFDD1F951B17FBA3F2A28ACEC80362FF747E54D2883F845145092189B53FB828DA9FDC14514EC807EC5FEE8FCA9A5107F08A28A4920136A7F7051B53FB828A29D900EF293FBA28F293FBA28A29582E2EC5FEE8FCA858914F028A2AE2908928A28ADC4145145002374ACE8EF036AD269DE500A912BEFCF5F6C51450068AA8518031505D58DADD63ED36D04C474F3230D8FCE8A2802BFF62E97FF0040DB2FFBF09FE14E4D36C60612C3676D1C8BD1D2250C3F1C514500595813391B87B0634DB8B4B7B94D973045327A4881BF9D14500563A369607FC836CBFEFC27F8531B42D29F69FECFB45C7A409FE14514017A3B78A362C88AAC7D054B451400D70A4619411EF482245FBA8A3F0A28A00F10F8E9E06B55B6D4BC69A4DCBE97AEE99109167B55DA65F67E79AE534F68FE207C2AFF0084A350822B5D52DDC233C23FD6E3FBD451401C15DDBC721B7F3412EA7744C0E0C6DEA2BDF3F67DF18EA5E2AD26FAD7582B35C69CC22173FC522FFB428A2908F5D1C8A5A28A630A28A2800A28A2803FFFD9);
INSERT INTO `image` VALUES ('2', 'image/jpeg', 0xFFD8FFE000104A46494600010100000100010000FFDB00430006040506050406060506070706080A100A0A09090A140E0F0C1017141818171416161A1D251F1A1B231C1616202C20232627292A29191F2D302D283025282928FFDB0043010707070A080A130A0A13281A161A2828282828282828282828282828282828282828282828282828282828282828282828282828282828282828282828282828FFC000110800B501A903012200021101031101FFC4001F0000010501010101010100000000000000000102030405060708090A0BFFC400B5100002010303020403050504040000017D01020300041105122131410613516107227114328191A1082342B1C11552D1F02433627282090A161718191A25262728292A3435363738393A434445464748494A535455565758595A636465666768696A737475767778797A838485868788898A92939495969798999AA2A3A4A5A6A7A8A9AAB2B3B4B5B6B7B8B9BAC2C3C4C5C6C7C8C9CAD2D3D4D5D6D7D8D9DAE1E2E3E4E5E6E7E8E9EAF1F2F3F4F5F6F7F8F9FAFFC4001F0100030101010101010101010000000000000102030405060708090A0BFFC400B51100020102040403040705040400010277000102031104052131061241510761711322328108144291A1B1C109233352F0156272D10A162434E125F11718191A262728292A35363738393A434445464748494A535455565758595A636465666768696A737475767778797A82838485868788898A92939495969798999AA2A3A4A5A6A7A8A9AAB2B3B4B5B6B7B8B9BAC2C3C4C5C6C7C8C9CAD2D3D4D5D6D7D8D9DAE2E3E4E5E6E7E8E9EAF2F3F4F5F6F7F8F9FAFFDA000C03010002110311003F00FAA703D28A28A002A18268E55630C88E01C12873CD79AF8B7C5973E21D42E3C27E069D5AEC65353D580DD069B1FF00161BA19BD17B753D2B0EDACBFE14B95BBD1D2F351F87B72A86E2347F3A4D364C60DC277789F82EA3A1E57FBB401ED94550D1B55B1D6B4F86FF0049BA86EECE6198E685B2AC2B8EBDF026A5757B713AF8F3C576EB348D208619A0091827385CC79DA3A5007A0515E0DFD8FAFF00FC2E5FF843FF00E13BF137D83FB0BFB57CDF321F37CCFB4795B7FD5E36E3DABB8B1F00EA36F776F33F8EFC5772B0C8B21866960D9260E76B622CED3401E834C0EA503EE5DA7BE78AE23E31F895BC33E04BD9ED640355BCC58D826E0A5A793E45C67D325BF0AE0BC71A34D67E10F0F7C26F07C11DD5E49024D7CA66F2105A236646775F997CE938E07397A00F77A2BCE23D5FE238CC517867C31FBAC2941AC49F2FA7FCB1A87C2FACF887C7FE1ED5824FFF0008CDDD8EA6F642EAC76DD2CCB170FB3CC4031BC91BB1FC1401E9B4579ADCF84FC536B04B7173F13F548E18D0BB3B69F681500EA4FC95C87C3387C79E34B5D4356FF84EF55B4D08CE62D3257D36D4497518E0CA54A7009E9401EF345711A1F867C45A7EAF05DEA3E38D4754B58CB6EB396CAD9124F948196440DC1E78F4AF30D5B5AF1C27C2FF001078CADBC6D730BD95CDD2456434EB568C2C772D128DC63DDF745007D08CEA98DC40C9C0CD3ABC63C64756F1F78DED349F0ACB65F64F0B4EB777B35FC4F25B4B798FDDC3B508DE5065CF3C12B5D4791F14FF00E823E09FFC00BAFF00E3D401DFD35995064900579CEB3A978E5FC55A5E85A53693007D28DDDE5F4D6134B0F9EAE10A26245DA0E4B0049381543C5FE0DF1DF8AF42974AD4BC45E1F8A27749166B6D3268E589D1D5D1D1BCFE1815A00F57A2B814D3BE24AA05FF00848BC30C4773A44D93FF0091EB9B3E24F155DFC2DF89136BEAB63A9E92D7F696971690CB6BE624717C9326E62DCB6E2083401EC545783E82BE05B9D0F4D9B50F8A9A8C77925B46F3A378C1D08728370DBE671CF6AAD178CB55F0E7C02F10EBFA46A8FA95CD8EA9343697779335D6F87ED8235F9C9F9C6C6E1B3401EFFB9776CC8DDE941600804819E95E77A97FC97CD0BFEC5FBAFF00D2886B8EF88BE26F115BF8FBC0F637BA6E810DD2DE4F776E0EAD261905BC884C84C1FBB5F9FF00DAE463DE803DDE8AF0AF1A5C6AD77E3ED02D359B1D72469349B99E7D3BC35AA3A61D6745490B97872369FCCF7EB593E2B8A4D26CADEEACB4AF889A5CE350B34FB4EA3AC7996E035C46A43AADCBE770257EE9EB401F45D472C891465E575445EACC700550D7A4D522D3257D0EDED6E2FB2BB23BA99A18C8CF3970AC471ED5E47F18AF7C772FC2EF1226A9A3787A0B2368DE74906A3348EABC7DD530A83F9D007B78208C8E94579F5A5F7C47FB25BF97A0F858A796B827569FD3FEB85769A735DBD8DBBEA31C30DD94533470B97457C72158A8C8F7C0A00BB45145001451450014514500145145001451450014514500145145001451450014514500145145001451450015C97C43D03FE122D1D6DA5D5B54D3ACA27335D269EDB24BA8C2F3167A807DBAF4EF5D6D1401E45A278C3C0DA1680344D2F41D72DF4B44309B65D0AE8ABA9EBBB29F313DCB726AA7823C65E1AF077870E921BC5373A7DBBC8F07DA744BAFF47809C88B3B390838C9AF68AF22F1E5F5F78F7C4F37807427961D2600ADE21D410E3646795B643FDF71F7BD07E34013FC3BF0BF84B53993C67E05BBD46C2CB515983DBDAC8F05B4CFB8A190C2470C0AB63B56A7FC2BBD4FFE8A278C7FEFF5BFFF0019AECF4FB3B5D1B4A82D2C204B7B2B48C2471469C2201D0015E517FE33F107C4676D2FE1CDBDD69DA3B964BAF125EC0D1854EEB6E870CCFCF538C63FE05401E6F169F7AFF1867D53FE12BD7CE8493AF8646BA2787CEF3CAF9BB33E5EDF2F7FC9D3EF32F35ED9FF000AEF53FF00A289E31FFBFD6FFF00C66B421F87DE1E8FC01FF087BD9ACBA3B45E5C81BEFBBF53296FEFEEF9B3EB5C65A78A7C4FF0E1934CF1C69F7DAEE851E12D75FB084CAEA9D85CC5D772FF007C7DEE3AB500637C6DF0A5FDD11AEEAF7924B61A34BA7DBE9302BF2647B8884D3CBEAE7EE0EDDEBD0FC45AADBE87E34D12D748D2ADAE75DF104DE5DCCDF7196D61462656600FDDDCA067AE6A97C70904BF0E1A40AE03EA1A79019083FF001F70F507A549ADAE8BE0DF16DEF8D3C55AC2471DE450E9565BE06D9689F3B94DC33F7D86EDC703803D28031342B9BDB2F17FC60BBD26D45EDFC32DAC96F6A5F6F9CEB66A4267DEBA8F87FABF8693E1BE9BABE886DF4CD00DB9B9C3C80241B8B3481D89EA1F7E79EB5CFF00C1CBFB7F1078A7E20788749779747BFBFB74B6B831B209BCAB75472B91C8DD5AD6BF0BB44FB0EA3A66AAA750D1AE3546D560B19372C56EEDC94E0FCC9BB2DB4FCBCF4A00E56EE7BEF8CB7ED6563F6BB0F87703FF00A4DE60C726B0C3FE59C5DD61F57EFD3E8CF8776BE259BE1CA2F83F52B782E34DD5EF523B5BD569219E0495D12DF76772281B7057A6057B4431470C491428A91A0C2AA8C003D0579F7C06FF00913AFF00FEC33A8FFE94BD003FC1BF12AD357D50E81AFD9CFE1DF1520C9D32ED81F378CEE85C7CB22F0DD39E0D79F6A5FF0026C7E31FFAFCD47FF4B9EBDEA6B2B59AEA0BA96DE16B983708A56405D3775DA7B66BC9EE7E037862F3C37A9596A10C326AB793CD3FF6AC706254DF31701464F4076D00749E28F09F85AC6C66D5AF6E6F343B18035C4E6C2FE5B28D98B6E2EE23619727BF5AE67E19F85F50BCF12AF8AA4BDF1158E84A8534ED2EFB529E77B80432FDA264918EDC86F953B60134FF008877F6C9F10ECA2F195BEA47C2BA7DB4773691C16135CC37579B9B2D2F96ADF706DDAADDCE6AC78A3E27E95A9F86B55B0F0B5BEB37DACDC5A490DA40BA4DD2EE91D76A966640A14330DC49A00E8BC7DADE950A4BA1EB5E1FD7758B4B9883CAB67A54D750B2E7EEB320C67E5E9F4AF318A1F84D2DE5C5943F0E35892EAD4219A04D06E4BC61BEE1718C8DD838CF5C1AEEA5F17D8FC3FD0740F0D6A1F6FD6BC4C9A744AB676503CD35C155085F77400B776357FE18E85A9D8C7ABEBBE258E1835ED7AE56E6E6085B725BA226C8E1DDDF6A0E4FA93401E67629F09352FB47F677C3BD5EEFEC931B69BC8D06E1FCA917EF23ED1C32E4641E6BD48EB706BDE0FBF583C2DADDD5B81F637D36F2D3EC924E8C006C098A02BB4F5CF635E6FE0CF1BE81F0CF56F1B699E38BA9F4AB8BDF125E6A16A5ECE7749A19026D6428841ADED03E234C9078C3C53AB497CFE165BB82DF4585AC1D26998C6A1B62E37B07765DB9F7FC0030BC2FAD5FBF8C3C496317C39B9B9B0B04B3B786C0258ABD93F9659F7397F9B7A943D5BA76AA5F14752D2B51FD9CFC5E746D1DF468ADB5216F3D9C9B32970B771799F70B2FDECF435D27857C5161E05B6B9BAF1EC97769E22F10CFFDA73C3159CF3A43BDBCB8600F1A15CAAA2A63AE7EB55B4CB3D057E0AEB575F11A0B9B1D0F53D4A7D4A78A5491654492EF745B820DE32767E7401D56A5FF0025F342FF00B17EEBFF004A21AE5752F04DFEA7E25F0D6AFE2FD3ADEFF51BFD4E55BD8A38BCE82D2CFECD32C70E76FDCCB72C71B9DFE953F853C5FA578F3E355B6A5E15967BED334FD0E6826BBF21E38C4AF32304F9C039C2FA55BD4B4EF13DFF00823E22EA374B7F06A3A924E9A769DE6B31B78614291EC5070AEE433FCBD772FA50061F8C7C37FD85E37F0F5BD8E9DE31D474CB5D1EE2DD5F49BB944F196991911E6F313E4DAAC154B7F0AF071597E2BB67BAB1B28AD3C39F13125FB759BEFD56FE49ED9556E11999D3ED0F9E14F6E3AF1D6B7E3F1B7C3BBAD5B46D7A2F1847A56AB6F0C70DDC61D90DC4607FA9991D7F8589E7A8E7D6B5D6F7C47E3BD13C457BA1DDCDA6C56D7892787A578DE0FB47968A5BCE53F7A277C8E474E6803AFF0018E997D7718BBB4F136A1A1C16B1BBCC2D6181C301CEE3E62374F6AF35F1868F79AB7C24D535BB8F1B788351D167D2DAF7ECB24169019E3D9BD54B0872B918ADEF88777AD6BFA1E9FE0BB7B4FB26B9AF5B81A94B166586C6DBA4EDBF00313CA01DF3583E33F106A761F0DB5EF0AF89343D45352FECC96D2D6F2C2CDE7B3BCF9195194A67CB3D32AF8C7AB0A00D9D2AD2E6E74CB49BFE16ADF4064811FCB3FD9E76657A7FA9AEEFC29A7DDD959B9BBF10DCEBAB31DF1CF3A42B81E8BE5A2822BC8F47D5FE1145A4D9477BE14B3374B020949F0AC8C4BE06EE7C9E79AF51F03788740D6EC5EDFC330CF059D8048D626B092D5117B045745E38ED401D5514647AD14005145191EB4005149B855613B7DA8C5E44A10286F3B8D87FD9EB9CFE14016A8A323D68A0028A29370A005A28A43C0A005A2ABC12B3C8FBBEE8AB00E45001451450014514500145145001451450014514500151C71A233B2A2866EA40EB5251400522A855C28C0F6A5A2800A28A280239A28E64DB2A2BAFA30C8A73A2BAED750CBE8453A8A006A800614600ED4EA28A002AB5B5B416A856DA28E1424B111A8519F5AB3450014514500145145003768DDBB0376319A751450014D650C00201E734EA2800A6BA2B8C300C3D0D3A8A006A22A2ED450ABE8053A8A280286A565F6D81A3335C45EF1B95FE5591A3DF5CD9DFA695A8EE95CAEE8A6FEF8F7AE95BA57343E7F1B29EAA96BF950074B8E73DE968A2800AC0F1578A347F0B69C6FB5DBC8AD201F74B1FBDFEED6E3B001B3D866BF3F3E39F8E2EFC63E35BF9267C595A4860B6833C2A8FE2FAD007D1D71FB4D78262B928916A332E71E608F8AF45F0478FBC3DE368649BC3DA809E489773C4FF002B27FC06BF38D48236E76D7BDFECD7F0BF51F115DC9AF5C5EDDD868D1E5316EC51EEBFD9FF0076803E9AD53C7BA4C1792D8E96D71AB6A69D60B21BF07FDA6FBAB55BFB4FE206A057EC3A269DA6C2DFC77939775FF808AEAB45D0EC745B64834AB486D500FE01C9FF0079BA9AD74040E6803821A67C4164C9D7B4956EC05A702AA4B27C4ED2D55FC9D0B5B4EF1A96B77FFE26BD2A8A00F35FF85857564EB17883C2BACD8E0F32C31FDA23FD2B97F89BF1EF41D0342593C37731DFEAB37C8B09E3C9FF007C76AF6F75257826BE77FDA5BE128D774C5F10786EC221AB5B9FF4A8E04C19D3FBDF51401F3F6ABF1A3C79A8CBE6C9E20B9879C8487E502BBFF857FB436B3A76AF15B78CAEDAFF004C97E433918787FDAAF9EE48DA3764718707054F5142900609E0F5A423F51B4FB98AEED629EDE513452A0747F55356EBCAFF0066FD5A5D63E14E8D35C3B3CB0EEB72CDDF6D7AA53195E74DC0C7B7871CD47A6D945636FE4C3B82039C16CD5CA2800A28A2800A28A2800A28A2800A28A2800A28A280385F1278F9FC3F3BA5D784FC4935BFDA12DA3BA812D8C733BB844DB99837CCCCA3E602AD1F18249ABDAE971DAF9576D646FAEA3BA9D626B453C468FB777CECD9E9C008C73D33E5FF0010350D4FC3F7F7705CF87AF257D67C556171693A5D5B6D9FCA7B7088019370C887AB0500B726B57C2FA34F61E2CF113B786A4D62F2F12D6EEE5B52B880CD0CAEAFF213CAFCAA157E4F978A00F4CF0A6BD06B9A4D9DDBA35A5DCCA449693383246EA5830FF68643618704723835493C5D687C45ACE98C81934EB382F03DBB19A49BCC336E458D46E2C3C9E8324EEE95C6FC05825FF841BC2CCFE19B6823FB0A11A8AC91973C7DEDB8DDF3570FF0FE1F0F1F1C591D3AC2C975216DA6B79915A6D75976DE79CDBF6F56FDDE5BBF1F7B6D007A95AFC4DD3A4F105FE9E749F102C76F6D6F32BAE8B7ACE4C8D2820C7E4E500F2C618F0D938FBA6AEF803C7567E2CD1EC2EC596A16334F682EE4F3ECA74813217216774547EBD8F3D6BCC2CBC33A8D9695A54DABC1ADC37F3E9CB653C8FE289C3497ED8D8FC4D8C677FCBD3E6E956AE2D05AF80FE25A5B3DCC7636FA0FD90DADCEA725E3C372914E646C3B9D80ABC38DBC1C66803D32CFC6FA630F124DA85CDA5A5A68D77F66333CE30EBE4C526FF6E65C7E15CA69BF1C3C257B3E961F54D3ED60BBD39EF24696ED55ADE6063C40E3FBC43B7FDF06B07E1F4FA75FF8F3563A3695770EDD4A7632B6992C0A919B0B7508CC5060EF04EC3CF3BB1F353FC3F14B631F82EDA79358D335DB3F0E3E9ED66BA5F9CD205FB3F98431F97019107FC0FAD007A5FC3AF1969DE36F0DDA6A7613DBBCCD146F750452F99F669593718C9F515D5D731F0F2CC699E0ED274CC5C9FECEB68ECB7DC5B981A4D88177EC24E33F5AE9E800A28A2800A28A2800A28A2800A28A2800A28A2800A28A2800A28A2801A7F8AB99B3668BC69748C3E592DD592AFF00897EDD1D989F4F930D11DEC98FBC2B2357B8175A6D9EB765C49111BFFDDFE21401D7839E3BD29381505A4E9736F14A9F7641B85636B3A94AD72BA769D9FB54C3E693B4628034F510CF6774B17DF689D57FDEDB5F997AF42F06AD7D1DC7CB32DC481C1F5DD5FA37E12BCB875BCB4BA3BE7B57DAEE7F8ABE62F8FDF057588F5CBAF107866D9AF6C2E4F9B2C318F9E27EFF002F7A00F09F0968773E24F10D969164B99EEA40831D8773F957E8DF86F49B2F0CF87AD34CB7DB15AD8C2A993F28F735F35FEC85E0A02FF52F126A309496D4FD96DD644C157FE235F43F8DBC3FFF00090587953DF4D6D6C9F7C43FC740195ABFC5DF0569777F649F59864B8FEE43F3D753E1DD7ACF5FD396F74E66789FA66BE7EBDBBF859E1ED697438B42BBB9D524F956630E72FF005AF5EF036857165A6B7CED6B049F3087D280B13F8BFE257857C26DB35BD492193FB8A3735728FF00B42F800FFABBCBB9BFDCB56359DE22F83B16A1A85E6AD2CDF6FBACEF485FEE9AE46DF59F1C695A9269B6BF0D74C54CECF34A2FCCBFDEA02C7B7782FE20F87BC5E8E744BA6675FF009672AEC6FCABA87048DF5E6BE16D1EFA7D556F2EF41B7D1E5037130FCB935AFF0010B57D4AD3C3171268AF6EF3AC8A8E5A4FB9F350163E64FDA9FE1D8D135D4F116916DB34CBEFF5FB07CB1CB5E0AB11721532CE4ED50075AFD09F1769175E2FF87FAD697AED9C56F2BC2CD0847CE4AAFCA6BC1FE067C0CB99AFACBC45E2768D2CE17F320B643969994FF15007B87ECFDE1EBCF0BFC33D26C350F96E242D7047F743738AF4EA8E25180718F6F4A92800A28A2800A28A2800A28A2800A28A2800A28A2800A28A2803C5FC72A8FAE5AB6B97FA79F10DC6B1A7C7A5E9714C1A486C96FA32CE17EF1DFE51776C606C51FC19A9FC4C3466F887AE7F6C5E78AADE4FB35AEC1A2FDBF691893EFF00D98119FAD7AD3411199666890CAA301C8E47E3447046B2C92AC6A24931BDC0E5B1D33401E2BF04A0B0D2F45D0219878C535C8ACB64B61751EA0B68AE1092A048040BD0E39033D2AC6A5A8F88344D6751F142F87EE747D15A2B3B79A09A581A668A3FB4E711C6CFD5EE23C0560DF21FA1F69A82685265DB2AABAE43608CF20E45007CE6FE10D234AF0B5BF872FF00C3FE1CD53C4D6B059DC40BA6E9E1AF257475768EE46C3B15826C323B857DE7815D5FC3CBFD2EC4DF4BE1BD034CBED4AEADFED77365A2C16D6CD6637A46968FB821DDFEB18F9841CA3FCABC2D7B22C688ECEAAA1DBA9039351C56D0C2F23C50C68F29CC8C880173FED7AD0078B6AF078B349BFBBD4EEF49923D2B52D5C4B7369A75F4AF7B24535B476DB024681432B46B26FF0030630715857BE03D56E7C73A04BF6ED56C2F2E2C2F6EA2D364D6AEA5F2911EDC089E7DE5D4BEFF0098A1DAA427DFD9F3FD1D55DA18CDC24A6353222950E472A0F5E7F01401CB7C3F5860D32EAD6DED35BB19629BF7F0EAB3CB70E1F0BF724777DE9B76FDC6DBF439AE9EEAE61B585A7B89638A0519791DB681F8D735E38F1545E1E86DE0B6B79350D62F9FC9B1D3E13B5E77F527F850777ED58F65E0297599E1D4BC7F76758BA1F347A7A656C2DBD963FE33FEDBD005A9FE28786BED0D069535E6B3383B4A69568F70BFF7DA8DBFAD31BC7BAAB9FF0045F01789DE3F5912188FE45EBB7B3B582D2158AD2148214E1628902AAFE02A762147CC47E3401E7EFF0012A0B400EBDE1DF126909DE69EC4C910FF0081465ABA8D0BC43A56BF6DF69D1B51B4BE83BB40F9C7D47F0FE35B03D8D717E21F87FA56A97A353D3DA4D1B5B4FB9A8E9FFBB933E8E3A3AFB3500766A491D5697FEF9AE07C37E29BEB2D6E3F0C78CD21B6D5E4526CAF21E20D4557AECFEE3FAA7E55DFA9CD002D1451400514514005145140051451400D600A90DCA9AE56E74FB9D2DA75B5B7175A5CBF7EDFF893FDDAEB290F4E280386D335F834D89E2959DE14FF005287EF2FB356D7872D64F3A7D42EB7ACB3F210FF000AD5CD4747B1BC4904F6C8C5FF00880E6B2EDD75ED3D3ECD0C115DC49F72477DA71400EB36FB0F8B6F2DDB88AED16543FED2F5AD9D46EA3B1D3EEAE0E0AC11BCA47FBA335CBEB31EB57902CD35AC5035BFCC1D0EE6FF0080D65F8A63B0D3BC19A86B375793794D011705DF9653C32AFF00B540177E0F41B7C116776F1A2CB7EEF78E17FBCCD5DAF94A6B97F87B756ADE19D320B65F25120558E23F7B6766A3C75E37D07C1B6914BAEEA115ABCE71121F999E818BAE5C7872C3528E4BA82D1F543F73722EFABD79E23D160B756BDBFB7841F56E95C9580F0ADF797E23BABE8AF64BA4FDC946DD91FECAFAD790F8AEEFC01ADEA77F636F69AACAD6AFFE92124DB8FF0076B2E6BFC207B7EA7E3EF0F436CE34FD7AC5EE0748FCC0C5BD96A7F05F8BFF00E1253247358CF652C7F74C8387F7AF9B34DF10FC23F0AEAF089BC2BA934CB8613CF26F15F4B7813C63E1DF15DA09FC3ACAF1A8DBC26DDBED4F511D5CF930BE177B6381EB5E11A85CD878BFC5ABA0687693691A8C0EF3DC4E8C191997EE875FE2F9ABDBEFE1927B79638A4F2DE4428B22FF00067BD727A3F80E0D2FFB27ECB3B24F6321965B9DBF3DD3375DE6A90CDAF0E0D49F4983FB6E344BE036CA89F323EDFE21F5AE77C1F7674CF14EB7E1BBB0AA89FE9B6581C794FD47E75DF460ED62C36B1AF30F8A17F6DE19F17F843C477B3082D4CEFA7DD39FEE3AEE19FF008128AA11EA6BD296A08658E74492270E8FF32B2F422A7A0028A28A0028A28A0028A28A0028A28A0028A28A0028A28A0028A28A0028A28A0028A28A002A29A548A269242A88A37313D854B5C57C61BF7D3BE1AF8827849495ED8C0847AB9D9FFB350065FC32B77D7AF750F1BEA0A7ED1AA13069E87FE5DEC91B08A3D0B9F9CFE15E8EC5517938159DA058C7A5E89A7584436A5ADBC70003FD9502ACDFC91C516F9480BEF49818FE21F15E95A1479BFB94898F0BBB8CD790BF8BAFFC59F11B4BB7B5BD48F4D824DC12193EF1FEF35741E36F85565E36D61B54BFD5AE0E17645027FAB4ACAF0B7C36D37C2BAEC16FA548F3DD6FDF3483A2AFA565CC49B3F11754BB7D4FC8FED36D2E0B62364DBB68DDFD6B63C07E2B96FEE7FB3EF352D37536C7C9736727DEFF00797B1AD1F12786F4FD7A755BD8FF007B1FCD1BB2F1BAB91D2FE1E787BC31AEA6B10C1E56A7F37FC7B1D911FF00796A6E0CF40F19F876CBC51A2CBA7DE9689B22582E633B64B6947DC950F6653599F0E75EBBD534EB9D3F5B11A7883499BEC97E89D1DB194947B3AFCDF9D749A4DD7DAADB2A3EED713E2151A0FC4FF0EEAB18C5BEB51BE93778EEE177C2C7FEF975FF008156C8A3D1A8A28AA00A28A2800A28A2800A28A2800A28A2800A28A280209D378746F995D76E2BE5EF8A7E2AF0AEB5A8DFF81EEB56B9B382DE6056ED3E68DDFBA37FBB5EE9F14FC492785BC19A96A76E8B25D47195823EEEC7D2BE2ABBD134CF10781F56F14E9CD3DBEA96172AD790CADB95F7B7DE5FC6803ECC8A3867D0B4CBFD2E44F32D224473FDF0ABF77FE055E63E2DF04DB6BFF116CF5EF89175145A44D095B4B459311A2A73B5DBDFDAB3B55F8C3A5E91F0534B7D2E789F5EBBB6107929D6275FBCCD5F337887C51AEEBBE5AEB5A9DC5E247CA2C8F9099F4A00FA5FC53F17FE1D68B05BE8FE1AD24DD428FB7CCB61B1201BB9653FC55D1D8D8FC33F0B19B56B9B89DFFB5945C1337CDBD5ABE2D8BCC91D63887CCC40007AD7E847C38F085A47F0F7C3F61E22B2B7BABA82DD58F98BBB1BAB3E451F845CCCF2AD6BC47F0BB549560D2BC3136B5719DA1FC920257AE7C36B1D32CB4E54D3B475D299FE6F29074AEAAC743D2AC148B3D3AD605FF62302B4523451F2003E95A0C4A55EB4FA4518A630E82BC0BF6C2B9B55F8736B14E7F7F25EAF929EBB7EF57BA5E4E96B0B4F34891C083323B9C055F5AF85BF68BF8891F8DBC551C5A6E4E93A7E6285FF00E7A3776A423B1FD9CFE314BA3DDC5E1BF13DCB49A6BFFC7BDCBB67C9FF0064FF00B35F5BD95F417D0A4D69224D03AEE4910E41AFCD0D22C6E2F0CEB6D6735C3F4063FE0FAD777F0ABE296B9F0FEFB6472CB75A4EFC4F67236EDBEACBE9405CFBF81CD2D63784F5CB5F11E8165ABD832B5B5D461D31DBDAB66800A28A2800A28A2800A28A2800A28A2800A28A2800A28A2800A28A2800A28A2800AF3DF8EF1193E18EB0CA3FD4B4329FF7565426BD0AB27C51A4C5AE787B52D2A6384BDB77858FA6E5C66803421612428E872A4022B3BC436AF7566A9172EADBB06B9FF857ACC9A9F85A0B7BF022D574CFF897DF43DD268F8FC986187FBD5DA4A9BD714981C1EA57971E1ED337E37CF70EA88BE959FADF86FC4CE905DF85B568AD67621E68644CACDFF02AEE6EF4F866756BA8D64C7DDCF4AF1AF885E24F19E9DE21FB2457569A658FDE85D8755ACB9493BBD0ECFC577176FF00F092CB682D4A6D1141F781FEF6EA8C453C97F2E9F3CACF241F72461D56B8AF03EA1E2FD7B565116B91496F1FCD33F97F2B7FB35EC6960AD224AC374ABFC7EB53CA3B8FD12DFECD6EC9D4D71FF199BCBF0EE9976BF7ED758B19508FFAECA0FF00E3A6BBF8E3F2D3FBD5E7BF14DD750B9F0C786EDFE6B9D43548AE5D57F86DE16F31DCFB7CAABFF02ADD0CF46A28A298051451400514514005145140051451400514531D829E6803C1BF6A6B992383C211C37EB64CFA9FCF23B7CAA9B7AB0F4AF2EF136B7636FA578D6F340B1B53E1FBA44D3E49997FD7DC8EB2AAF6AEFBE31DA5AF883C75A8AC3A7FDAEEB49B2402E2E9F1696C5BFBFEA6BE6CF145DDE691633E8116B105E5A5C4DF699E3B51FBA57F6A00C0D66F5AF5EDCF96882389631B3BE3BD665145007A07C14F0C0F167C43D1EC2442D024BE74FC71B179AFD0E8A348F6A2200A062BF38FE1DF8EB55F01EA6D7FA13C02575D92099376E1E95EC963FB566AC83FD37C3D65237F792561401F5E0FE2A757CB96BFB56D91FF008FBF0CCC0FAC538AB937ED55A188FF0075E1FBE77F433281401F4B374AE7FC55E26D2BC2FA6CBA86B97B15ADAC63B9F99BD82D7C8BE32FDA53C53AB4ECBA02C3A45AF6F977C9FF007D57927883C47AA788A76B9D6B50B8BC9DB926693207D05007AAFC64F8E9AAF8D04FA5E845F4FD05FE565FF96B3FFBC7B2D7879CA1C66994AA093C5007B07C20F883A6787B44B9D1752D0E7D41AE67F36392DBFD62F6E7FBC2ADFC47F879068FE07BBF1341706E3ED17C3637966329BBEF230AF25D1F53BDD1B5386F34E9FC9BB8BEE3AF6AECEF7E27F8A75D861D335AD5CCF6124C8D209231843BBEF5211F42FEC79ADCD3785B52D12EC481ACE5F361DFFDC6F4AFA2548238AF11F8436D6B16BB2493BC2975041E441342EBB2F626F995947F7857B6C5F77A6298C75145140051451400514514005145140054745494C647525474500267039ED4C12121BA62B95F1378A17477F26DD04F30F9A45CF08B5BDA6DDA5DDAC5711A95591038CFBD7143130AB3E483D8254A708A9BD8BE243F352F99C37AD656B1AB5BE97646E2E4FCA3A28EAE7FBA29DA4EA506A9662EAD5B28E2B6F6D0E7F677D45676E7E86B71ED4920CAD09DE9D5B01E7FE2AF0BEA50EB5FF093783A5860D6B6AA5D5B4FC417F1AF457F471D9E974CF895A40996C7C4F1DC786F54E86DB521B11BFDC97EE38FC6BBD618E9552FACADAFE036F796F0DCC27AC73461D7F23400FB6BCB6BC8B7DB4F0CF19E8639038355B57D0F4CD5D15752B38AE157A0715E0567A3784357F17EB4D7900D2AC6F2E25D1F4492CCB430ACD126E96525481BD9DBE5CFDED9527861758F0378E344D3EEED74CB38A48255D4AF5F5379FCFB745CFDA36B9C4233B7AF52D5207BE699A4E9FA543E569D691409FDD44A92F6FAD6CA3325E5CC36D18192F348100FCEBC07C6FF0015356F1A5E3F84BE135BCB753DC298E7D54E51224E8593D07FB67F0AE12EBC091E84354FB6F880DEEBDA4EA16D04769708B39BD77D9B36EF3908DB9C11FEC50173E83BFF0088B63753BD9783E09FC4FA97DD0967FEA233FF004D663F228FCCD5BF04F866F2C6FEEF5DF135C4779E23BD511C8D10C436B10FBB0C20F6F56EE6BABB3B486D60482D608A0893FE594281107E02AC5501254752514011D14EDDED4DA630A2A4A28023A28A28024A28A29082A9EA12C76F0B4D2B6C8E242ECDE8A2AE5713F18F554D17E1BF882F4B6C22D591597AE5B8A00F88FE2F78E64F1578D35BBCB0927834EBA709E4893E590270A58579F71E941393934940056BE81E1ED535EBD5B5D1ECA6BC9D88F9635CE3EBE950E81A4DE6BBAB5B699A5C2D35E5CB848D07735F7DFC15F87707807C2715B4BB1F569FF797732FF137F77E82803C13C13FB31EB5753C4FE2DBDB7B3B4EA6180EF90FE3DABD93C35FB3E781F4600CD62DA8B8EF72735EB69185E84FE35250079EDE7C1DF01DD5B985BC3764887BA02A69F69F083C076B00893C3564EA3BBA9635DFD1401C37FC2A7F01FF00D0B3A77FDFAAE17E2BFC08F0F6B1E1F967F0CD847A66AB6C9BE1F217E597FD965AF73A2803F2E351B496CEEA482E0149D18AC887AA9155A1FBE3DEBAEF8B891A7C45F10089718BD9338E9F7AB8E538607D2908EE3C4DA7DB0F06693AADA69F15B2C93B5BBC88D9DECAA335C52B80D9C646738ADDB8F1034FE0EB5D0D90E21BB7BA0DDBE65031FF008ED73D401F40FC0DBFD22E7E25F830696F70B32C32C73DB3B129136DFBCBF5AFB493A57C07FB300CFC65D107B4BFFA01AFBEA2E505318FA28A2800A28A2800A28A2800A28A28020FE1C51BB0A691B18AE0FC57AE3CC93DAE9F288E28FE59A7CFFE3AB5C18BC5D3C2D3E79C8BA14675E7CB13B70536654E56B0BC65AD7F6368B2DCA9C48CC101F4CF7AE7BE1B7882DAE34ABA8EE2EC3B5BB9215FAAA5735AE7882CF5CF124B6F7F1BFD8F66D8049F283EACB5E762F338470BCF1DE4B63A68E127ED7965B2197AA751B368AD2F218D586E91CFDF7ADAF87BE29482D2E2C353BB8A46B41BA37FE274AE7ADB40D3D525686E6E6343FF002C918608ACB587466BFF00ECEB691FCB972D2127E7CFF76BE4F2FC7CB0F373849C8F62787A7387248EB356BF9F5457BBF29A7B83FEA630788D6ACFC2FD62684FF61EA5008E64CBC2E0FDE5EF9AE66DB42BFB69D869FA9446DD7F864CFCAB54EE2C65B099B5092F7CE9C7CC9E59DBB0FF007AAF099872623DACA77B933C2D39D3E489EFCB222FC8CDB58F4CF7AB11FDD6FAD7886BDAC6A575A74177A9C890C9090F1C29F7B76EFBCD5EADA2EBD6379A3C77C2EE2F21FF00E5A33607EB5F6581CCE9E2DCB97A1E356C24E82F78DA6C63A57997C71F185D784FC3B6A3489238B51D42E45BC323AEEF2C6373BEDEFC7F3AED754F11E95A6C066BCBB8917B7CD927E94D8FFB23C47670DC182D6FA01F346658C3E3E99E95E87B684FDD8C8C697B93539C6E8F93ADBC4DAAC3E1A6F0F3369975A5B48F291756BBD8B96DCCF9DDD72D527C2EF8636FE3DF106ADFDA5AA5CC16363E48963807336EDCDB73FC2057D623C35A2639D26C0FFDBBA8FE9562C74BB2B10FF61B2B7B6F30EE7F26309BBEB8EB514A8CE2F9A52E63D3C6E3B0B5E9F2D1A3C8FD4CFF000A785746F09E98B63A058C56900E58A8F9E46F576FBCC6B8CB4D1F4D6F8F3AA4D79616D35CC9A55BDE5B4D246A5E3647646DA7F87F86BD32EEEEDED62DD7122C69F7726A2105BB5CFDA44317DA026CF3760DF8F4DDE9ED5BDD1E497146D5A6D1E622AFCC718A7D573015C62A95EEA36B66B19BB9523F31F626FEE69BACEA5069B60F7371F328E883A93FDDAF25F15EA125ECDBEEA467BAB81B21853EEC7FFD9578B8ECD6182E58FC5291D185C23AEFFBA7A56B7E21B0D26E2186E8E59CF207F02FF7DBFD9ADA8DD1D374477A91906BC535E86EE7B368ED2279E578D5679E43CD7A07C3FF0010B6AFA4797751A43756E444EA0F5FF696B9B2DCDE38C9B8CBDDFE535C4E0BD9534E3F33B2C00680BC1A85A4441D7E6FBB8F5AE3BC4BAD9927974DB299A1C26669D7AA7FB2BFED57AB8BC6D3C2D3739C8E5A345D57CB13A8B1D4ECEE9A716B7092184ED902F6357908C5789F84FC4167A6789DD678E68ECE78C42921FBB9CFDE6AF6B4C6CCEECD6396E37EB70E72B1145E1E76E859A45E94B457AA6415E67FB43D94D7DF09F5E86D236797C90DB07701ABD32A0953CD051D414C7465C83401F96646292BF44F56F84BE0BD47ED7E7681668F763F792A26D61FEEFF0076BE44FDA13E1FDAFC3FF13C16DA4898E97771096332FCCCADDC668024FD975037C62D28300711BB7E95F7BAF535F027ECC0E89F18748DE54643819FA57DF311DC09F7A007D145140051451400567EB9A95BE91A4DD6A176FB20B78CBB9ABEDD2BC2BF6ADF147F64F822DF4CB59144FA8CDB1877D82803E3DF186A5FDB1AFDF5FF006B89DE5DBE9935898A99DF2EE587CCD5D3783FC3B26B2353907CB1D8DA3DD4DEC074A42394C9E940E0F4A76D63C81D6B4BC3D0D8CBAE5945ACC92C3A7348A2E1E319654A423DF3F64BF02DCDDEBCDE2FBA89A3B1B3062B7EDE7487A9FF00756BEBF87EED637846C74ED33C3BA75A68AA89A7244BE46CEEBB7AD6E551414514500145145001451450014514500665F67FB3EE3670DB0E2BC3A3BF9ED4FD8F56B427696F99C1657FF6B8AF72BBC8B294A8DED83815E2F17888ACCE2E6099240595D5D32057C7712B6B92D1E63D5CA766616A0D24F73E7D8DBF90917CC1F1B41DBFC35B497D61ABD86CD5006940F9197AA1ACFD4B55BCBE97ECB6913CC8FD37A63F1AC9BEF0FBE951C72DF5DAEF93E631C7D457CD28FB4518C9F2BE87B3CBCD63A05D3634818D95E4DB88DC0B38E69F696DA6EA96091CB1A412C678993EF6FAE6B4BD2F5ABA8F365892DC657793D2A6B9D2EEF4CB673713B47705B8407E4A72A76D39F50E5E6EA7411D9EA70FDCBF86603E51953FF8F5655FE977EF7AD2C4E977E490D2227CA3FDDA8AD535A8D2267216DE67189F3902B4FC8BFD12696EA1637B6B272F2AF50D4A2B91F4B91B6C2FF6BDB5D42E2EEC59A70368570588FF0076B22DE4D55ECDD6DEDBFD0639C4AF01F5FEEEDAE8ADF5F69E231DB2BE5DB01CA74AC6B71AA3CB2DD589FB4C7E66F914FDECFA355E1AB4E929D972FCC22AFF00144BBAE810DAB5FDF145B874DB1C2DF314AD9F85BAE496737D8EEA344B5BB93F778EA1FF00C2B19B568275912EB4F2F718E37A367F3AC48A2BD8E68EE11D2CBF7DBA32C394AEACBF133A13539113A30AB4E503E97428A3D6B3354D6AC74D9112EEE112593FD5C79F9DFF00DD15C059FC44B4D3EC6EA1D72EE27D4211FBAD91B7EF8EDE178FE2AE2F46B71E225BAD4355B971A94B233EF56FB9E8AABD96BEA7199AD385053A7F6B63C5A1819CAA38D4D144E97C69A8EA5AACC8F6107EE20903A173C332B7F76BB8F09F8920D5342179708B0490EE59C67A32FDE6FA579A47A2DF0B36F375487CA93F8B636EAC6BE924D06168ACAE8BF98DBA47DFC49FECD78197E6D384A77973731E855C153AAA3087D93B4F18EB924F6A6E7CDF22D9371823CF2E7B33577DE10D462D4FC3F677714A26CC615DFF00DA5EB5E396DAF5BDE479BDB2DEF8F93285BF26A34BD4B5C3637B65636EB1DAB3EF31E369C7F12AFB356981CD6A53A939D7FB4456C0F3C1421F64DEF1DEA73DD3DC4F3DDAC56E3FE3D605EE47476AE6B479FF00B7EDA7B6D42E9A331EDDBE57196F56A2FB541728A6E6C984B0B0620A16F917AAAB7F76B4EE6C6CF51856EAD244B2BD54E3CBFBAC3DEBCAC4621D47CF57E2EE76420A9414223ADB47D423B795CEA913C47E5CB86DE2B12FA06D0C79B657064BA73969D0F1FEED6C4767A8EE64FED247F33ABEC3855FF66B21B46BAB699E4B74FB6CB03EE7507E4DBFDDDB5951AB6973299A423FCC6ADF6A3ABC1A6DB5C6B9AB21BA003471A2F47FEF37E145D41AE47792DEDAF9370B7443C918F97E7DBFC355AD92CFC4134EBA9C33C77006D8FF008762FAD598E0D5F4E26D82A5DC417E4981E8BEF555B1752778D495E5D9EC42A5087C3121D5EDB58D45079B135AA27CC4B95C8AEF7E1D789DB51F3F4BBB76927B503131EB20FF001AE12FFF00B76EE157B789E3E7696DFD4FF8569F81F46B7B0F166993DD5C99353732F0A7803CA7CD7764F8B952AB085F46FE189862E942741F37C513DC28A6A77A757E8A7CF051451400578C7ED3DE0D6F13FC3C9AEAD9435EE96DF694017929FC43F2AF67A82E13CC85D30A770C6D61906803F31B45D46F343D52CF54D3E4D9736F2078D87AAD7DFF00F093E23697E3DF0FC13DACEABA8C6816EAD8F0E8FF00E15F267ED1FE06FF008443C6B2DC59DB94D2350CCB6C57EE2B7F12D79CE8DAFDFE8D7915CE9D772DA4F17DC9206C7E7EB4847E9C2B738DA453ABE36F0A7ED25E24D3E258B5682D7535C712BA946FD2BB3B3FDA96C5E2FF0048F0F4FE68EA1275C5319F4B515F381FDA8F4C1FF32F5DFF00DFE4AA97FF00B51C28BB6CFC3CCAEDF70CD37CBFA5007D2579731DA5B4B3CC76C51A33BB7A015F007C6DF1E49E39F15CF780EDB5837436D1764556FBDF535D0FC43F8F1AFF008B74A7D35D61D3206CEF1685B327B126BC5A490CAEBF2807A605004B6CA5D97F76CFCE3E4EA4D7D91F0D7E12FD8BE12EAF6CC3CAD6F5DB7F9E49BFE598EAA2BCD7F65BF87B1F88B539358D5ED98D8583AF94ADD1E5AFB0E7844B1B4606D52BB6803F3F7E1FFC35BFF1278B2F34B712FD9B4FDFF6BB883E655DBD81AEBD741D26C659ED22B3C95CC45E41F315FF006ABDBFE03C5FD81AA78ABC15756BB2EACAECDD0B8DBFF1F11CA72BF95707F13F416D1FC697304526E8E74FB4267D2811ABFB37F8CCE99A95FF0082F5BB9B895B7EFD30CBCEE4C728B5F49478C7CB5F0DEB89731FD9B55D3498756D365596DDD3F8FD56BEB6F865E31B6F1A7842D358B5DA2571B278FF00B922FDE140CEC28A28A0028A28A0028A28A0028A28A00CFBE6F26CE793B2233578241E2B8E46952E0329DED856F96BDFE444963951F9561B4D78978DFC1A9E1F596FACBCDBA89FE658FC9695F76EFBB95AF9ECEB2FFAD42328AE6E53D0CB2B5383719FDA32EEFC50EE9E5DA91BFEEA305CBD535D1357D46647B91E5A11BBCC90F6A8B4F9EFEC79FEC5B8491FE657101E2ADC975AEDFEE8AD74EBDFEF15F2D80515F291C1D5A73E4A703DCF6B08FDA8F29335B47A3B245A3CAF3DC3ED528C7E47AAEBA6EAD7F34E2F5F65B4679E78FC2A8E9B1EA16772C56C2EDE5C328FDC36D15D3D8B9D46D7ECD73617D1AFF1A2215E7FDEACE746B435B5FF00BD6075611F85981A6CF24EB3D85842D3292CB82FF2A1FEF56D59FDAC69665D464F2205F94A67FD662A841637506A13DBE9161748AE8776F4655FF7AAEC17B7F114B7D534999D906D4CC2CE87DE8AD4673B72C0994D771DA55EFF006A696F0DBDE0827CB2C8E53923F86B22C2EA4F0F5E4B02486E91CFCC4750D534361797BA83DC2E9B776F6E9F7C448C85C7F76A7BAB2B7B4B39DF4DB0BDF35D7E7F32162DFF0001A3EAB38C9D3E576974B0F9E1B1A117881D6121629B79F953F77F31AC510EA7E227632A2C71A9E6722B4349D4EFD2DFF7BA6DF79A8BC398CFCD4CB9935CD51E58ACED2E2154F99BF765016ACA185AB093E587CC23351F86C508B44FECDB98F53BF952E602FB4249DC766ADDBDD3AD2E8FDB6C6E12D2E8F554FB87FDADB515A4F7F78FF63BBD15CCF8DA3CC8D993FDE0DDAB9EBBD235EB4BB96D25866CFF00CB37119757FF00E26B6F635EA357F76488E7849FBCCE8974ED41D1A03A8200FF0079F61AA70697A6695FBFD4E65BB9FE6D918FB83FDAAA0B1F89D6D9CBE9D72546D56F96A87D96FE5790DEE9D7A53D12165C52A586AFAF6F22D387737746D6A7812764458EDE69024781C21EF57278F53D3AE9EFEDE56BEB7917F78C3829B7FF0065AA96D7133D87D9FF00B1EED54A15FF0052DF2B7F7AA1B2D5B57B44F2BFB32F55718FF52C734BEAF535E5804A70FB26A2EBA1EDE58A48A5319F94068CE4FF00B35C8C8F7324BB2DFCD8F2FB3F7BD17FD9F6AEC2D353BC98C5B74EBDF35BE5F9A365F9BF86AA5FC1A943777506AB632ECB8019248632C01FF80D2A146A41BF7088D587C267C09AE46B0A5C7EE6098F9226CEE515A31595EE8323CB685AEACA4EAE9D50D54BAB8D56DEDBECF71A6DD6C65F91D119BE6FE13ED441ABEB31C2D1B69B7BB586DFF525B27D6AE587AF25EEC342F9AFF690EBEBBFB53A4B03CD0CEBF226F8CB6F5FA567C1AC6A56CFE64D6B33C1F7776C2D5D0C1AA5E95F3974FBBDFB777FA93D7FBB54E4BCD5353BD4B109756C8C7E77581945442854F8674FDD2B9E067AF886EE75D96914CEF8C158D0E09FF6AB53E1D09E5F19E9F2DCBCA8E3CDCA3A1FF9E4FF00366A582C754F0DCD21B749EEEC1FE6DE8A778AE8FC19A94B73AE5AC13DB5CC48E5F697848C8D8DD4D7661294E96221C94FDDBEE73622AFEEE7C9D8F5CA28A2BF463E6C28A28A002908CD2D377A63A8A00F35F8F9E0AFF84D3C05796D6B0AC9A95B8F3ED727B8EA2BF3FEE91A0B878DD1A2910E195BA83DEBF50A73E646CB13A861C07F46AF91BF6B9F0DD958EB5A26A1676AA979768DF686863F95F6FF001605007CE1B9B1D4D4F6A8F3B85196F6F5A492DA72C4FD9E5009FEE1AF42F827A07F6DF8E34BB0B88986F9D5C878CE36AF34847A2F807F66EBBD7BC34BA96B5A83E99717037C1004DDB476DD5E71F14FE1AEA7F0EEFA08353786E629C17867857E46F622BF4161088BB17851F228FA57CF5FB63696B71E19D1F534123BC13ECC20CF0D4C67C71C826803240A98DB5C64E6097FEF83525BDACDF688B7DBCA5770C8D879E6908FBB3F65DB35B6F847A5BF56B877949FF8157AED61F846DED2C3C37A65B5A4690C096E9B6351D38AD959233F7585319E69F14FC1FABDFCD0788BC1176B65E27B24D8377DCBA8BFE793D63F87EEAC7E286933DAF89B4CFECFF13E9DFBAB9873B648CFF7D7FD835EC5E647866DCB81D4D791FC4DF0EEAF6BAA47E35F0432B6B569162EEC82FCBA843FDD3EF401E33AEE9B2E83AC4FA5DC33ED0774733AFDFAD0F833E23B8F04F8D3FB3A6B81FF0008E6AEDCFF00D309BF85BFE055EADA6EABE15F8B1E1C911E18A0D7A089BCCB3906D9ED5D7B6DF4AF0AD5B4FF00B34D7561707F7A0EC756F970BFDEA047DA6BD179CD3ABC33E057C46176BFF08AF885F6EA3669B6D2EA43B45D45DB9FEF57B887423AD031D45145001451450014514500474FDA28A298C6ED146D145158D908362FF7451B17FBA28A28B21DD8D11AFA52F96BE945159C003CB5F414796BE828A2AF9505D8796BE829762FA51451CA82EC4D8BFDD1F951B17FBA3F2A28ACEC80362FF747E54D2883F845145092189B53FB828DA9FDC14514EC807EC5FEE8FCA9A5107F08A28A4920136A7F7051B53FB828A29D900EF293FBA28F293FBA28A29582E2EC5FEE8FCA858914F028A2AE2908928A28ADC4145145002374ACE8EF036AD269DE500A912BEFCF5F6C51450068AA8518031505D58DADD63ED36D04C474F3230D8FCE8A2802BFF62E97FF0040DB2FFBF09FE14E4D36C60612C3676D1C8BD1D2250C3F1C514500595813391B87B0634DB8B4B7B94D973045327A4881BF9D14500563A369607FC836CBFEFC27F8531B42D29F69FECFB45C7A409FE14514017A3B78A362C88AAC7D054B451400D70A4619411EF482245FBA8A3F0A28A00F10F8E9E06B55B6D4BC69A4DCBE97AEE99109167B55DA65F67E79AE534F68FE207C2AFF0084A350822B5D52DDC233C23FD6E3FBD451401C15DDBC721B7F3412EA7744C0E0C6DEA2BDF3F67DF18EA5E2AD26FAD7582B35C69CC22173FC522FFB428A2908F5D1C8A5A28A630A28A2800A28A2803FFFD9);

-- ----------------------------
-- Table structure for `orders`
-- ----------------------------
DROP TABLE IF EXISTS `orders`;
CREATE TABLE `orders` (
  `id` int(11) NOT NULL AUTO_INCREMENT,
  `uid` int(11) DEFAULT NULL,
  `ordernum` varchar(16) NOT NULL,
  `linkman` varchar(32) DEFAULT NULL,
  `address` varchar(255) DEFAULT NULL,
  `code` char(6) DEFAULT NULL,
  `phone` varchar(16) DEFAULT NULL,
  `addtime` int(11) DEFAULT NULL,
  `total` double(8,2) DEFAULT NULL,
  `status` tinyint(1) DEFAULT '3',
  PRIMARY KEY (`id`)
) ENGINE=InnoDB AUTO_INCREMENT=146 DEFAULT CHARSET=utf8;

-- ----------------------------
-- Records of orders
-- ----------------------------
INSERT INTO `orders` VALUES ('115', '1', 'sky2016090130085', '邵琪', '上海', '20000', '13012820750', '1472713023', '2799.00', '2');
INSERT INTO `orders` VALUES ('116', '1', 'sky2016090115597', '邵琪', '上海', '20000', '13012820750', '1472713031', '1099.00', '2');
INSERT INTO `orders` VALUES ('117', '1', 'sky2016090115600', '邵琪', '上海', '20000', '13012820750', '1472713039', '2499.00', '2');
INSERT INTO `orders` VALUES ('118', '1', 'sky2016090168875', '邵琪', '上海', '20000', '13012820750', '1472714275', '3398.00', '2');
INSERT INTO `orders` VALUES ('119', '1', 'sky2016090127803', '邵琪', '上海', '20000', '13012820750', '1472723564', '2499.00', '1');
INSERT INTO `orders` VALUES ('120', '1', 'sky2016090191658', '邵琪', '上海', '20000', '13012820750', '1472727042', '1099.00', '1');
INSERT INTO `orders` VALUES ('121', '1', 'sky2016090164228', '邵琪', '上海', '20000', '13012820750', '1472727183', '2499.00', '3');
INSERT INTO `orders` VALUES ('122', '1', 'sky2016090170743', '邵琪', '上海', '20000', '13012820750', '1472728205', '2499.00', '3');
INSERT INTO `orders` VALUES ('123', '1', 'sky2016090189313', '邵琪', '上海', '20000', '13012820750', '1472728221', '2499.00', '3');
INSERT INTO `orders` VALUES ('124', '1', 'sky2016090161841', '邵琪', '上海', '20000', '13012820750', '1472728434', '1099.00', '3');
INSERT INTO `orders` VALUES ('125', '1', 'sky2016090120437', '邵琪', '上海', '20000', '13012820750', '1472728668', '1099.00', '3');
INSERT INTO `orders` VALUES ('126', '1', 'sky2016090167790', '邵琪', '上海', '20000', '13012820750', '1472730221', '1099.00', '1');
INSERT INTO `orders` VALUES ('127', '1', 'sky2016090130451', '邵琪', '上海', '20000', '13012820750', '1472730617', '1099.00', '1');
INSERT INTO `orders` VALUES ('128', '1', 'sky2016090114641', '邵琪', '上海', '20000', '13012820750', '1472730767', '2799.00', '0');
INSERT INTO `orders` VALUES ('129', '1', 'sky2016090185791', '邵琪', '上海', '20000', '13012820750', '1472730971', '2799.00', '3');
INSERT INTO `orders` VALUES ('130', '1', 'sky2016090188508', '邵琪', '上海', '20000', '13012820750', '1472731107', '2299.00', '3');
INSERT INTO `orders` VALUES ('131', '1', 'sky2016090185061', '邵琪', '上海', '20000', '13012820750', '1472731183', '2299.00', '0');
INSERT INTO `orders` VALUES ('132', '1', 'sky2016090190436', '邵琪', '上海', '20000', '13012820750', '1472731388', '2799.00', '3');
INSERT INTO `orders` VALUES ('133', '1', 'sky2016090195536', '邵琪', '上海', '20000', '13012820750', '1472731461', '2299.00', '3');
INSERT INTO `orders` VALUES ('134', '1', 'sky2016090176324', '邵琪', '上海', '20000', '13012820750', '1472731493', '2499.00', '3');
INSERT INTO `orders` VALUES ('135', '1', 'sky2016090190148', '邵琪', '上海', '20000', '13012820750', '1472731570', '2299.00', '1');
INSERT INTO `orders` VALUES ('136', '1', 'sky2016090141997', '邵琪', '上海', '20000', '13012820750', '1472731834', '2299.00', '0');
INSERT INTO `orders` VALUES ('137', '1', 'sky2016090165508', '邵琪', '上海', '20000', '13012820750', '1472732023', '2299.00', '0');
INSERT INTO `orders` VALUES ('138', '1', 'sky2016090116512', '邵琪', '上海', '20000', '13012820750', '1472732079', '2299.00', '0');
INSERT INTO `orders` VALUES ('139', '1', 'sky2016090141341', '邵琪', '上海', '20000', '13012820750', '1472733355', '2799.00', '3');
INSERT INTO `orders` VALUES ('140', '1', 'sky2016090192133', '邵琪', '上海', '20000', '13012820750', '1472733555', '2799.00', '0');
INSERT INTO `orders` VALUES ('141', '1', 'sky2016090138973', '邵琪', '上海', '20000', '13012820750', '1472741193', '2299.00', '0');
INSERT INTO `orders` VALUES ('142', '1', 'sky2016090143771', '邵琪', '上海', '20000', '13012820750', '1472742400', '5297.00', '0');
INSERT INTO `orders` VALUES ('143', '251', 'sky2016090241330', '', '', '', '', '1472787736', '2799.00', '0');
INSERT INTO `orders` VALUES ('144', '3', 'sky2016090246936', 'zs', '上海', '1', '13053237223', '1472804378', '2198.00', '0');
INSERT INTO `orders` VALUES ('145', '253', 'sky2016090515251', '111', '1111', '11111', '13053237223', '1473043759', '6688.00', '2');

-- ----------------------------
-- Table structure for `pic`
-- ----------------------------
DROP TABLE IF EXISTS `pic`;
CREATE TABLE `pic` (
  `id` int(10) unsigned NOT NULL AUTO_INCREMENT,
  `goodsid` int(11) unsigned NOT NULL,
  `picname` varchar(255) DEFAULT NULL,
  `state` tinyint(1) DEFAULT '0',
  PRIMARY KEY (`id`)
) ENGINE=MyISAM AUTO_INCREMENT=15 DEFAULT CHARSET=utf8mb4;

-- ----------------------------
-- Records of pic
-- ----------------------------
INSERT INTO `pic` VALUES ('13', '11', '201609040753485629.jpg', '0');
INSERT INTO `pic` VALUES ('2', '21', '201608301117443444.jpg', '1');
INSERT INTO `pic` VALUES ('3', '22', '201608301121201288.jpg', '1');
INSERT INTO `pic` VALUES ('4', '11', '201608251648368172.jpg', '1');
INSERT INTO `pic` VALUES ('6', '23', '201608301126055758.jpg', '1');
INSERT INTO `pic` VALUES ('7', '24', '201608301128358344.jpg', '1');
INSERT INTO `pic` VALUES ('8', '25', '201608301132434276.jpg', '1');
INSERT INTO `pic` VALUES ('9', '26', '201608301134576627.jpg', '1');
INSERT INTO `pic` VALUES ('10', '27', '201608301137297113.jpg', '1');
INSERT INTO `pic` VALUES ('11', '28', '201608301258356658.jpg', '1');
INSERT INTO `pic` VALUES ('14', '38', '201609041708361450.jpg', '1');

-- ----------------------------
-- Table structure for `type`
-- ----------------------------
DROP TABLE IF EXISTS `type`;
CREATE TABLE `type` (
  `id` int(11) NOT NULL AUTO_INCREMENT,
  `typename` varchar(32) DEFAULT NULL,
  `pid` int(11) DEFAULT NULL,
  `path` varchar(255) DEFAULT NULL,
  `addtime` char(32) DEFAULT NULL,
  PRIMARY KEY (`id`)
) ENGINE=InnoDB AUTO_INCREMENT=37 DEFAULT CHARSET=utf8;

-- ----------------------------
-- Records of type
-- ----------------------------
INSERT INTO `type` VALUES ('1', '手机', '0', '0,', '1471956066');
INSERT INTO `type` VALUES ('2', '平板 & 穿戴', '0', '0,', '1472027771');
INSERT INTO `type` VALUES ('3', '笔记本电脑', '0', '0,', '1472027799');
INSERT INTO `type` VALUES ('4', '智能家居', '0', '0,', '1472027825');
INSERT INTO `type` VALUES ('5', '专属配件', '0', '0,', '1472027843');
INSERT INTO `type` VALUES ('6', '通用配件', '0', '0,', '1472027866');
INSERT INTO `type` VALUES ('7', '应用市场', '0', '0,', '1472027880');
INSERT INTO `type` VALUES ('15', '荣耀 ', '1', '0,1,', '1472027899');
INSERT INTO `type` VALUES ('16', '荣耀畅玩 ', '1', '0,1,', '1472027914');
INSERT INTO `type` VALUES ('17', '华为 Mate/P系列', '1', '0,1,', '1472027929');
INSERT INTO `type` VALUES ('18', '平板电脑 ', '2', '0,2,', '1472027945');
INSERT INTO `type` VALUES ('19', '手环', '2', '0,2,', '1472027969');
INSERT INTO `type` VALUES ('20', '手表', '2', '0,2,', '1472027984');
INSERT INTO `type` VALUES ('22', 'MateBook ', '3', '0,3,', '1472040452');
INSERT INTO `type` VALUES ('23', '拓展坞 ', '3', '0,3,', '1472040470');
INSERT INTO `type` VALUES ('24', '触控笔', '3', '0,3,', '1472040487');
INSERT INTO `type` VALUES ('25', '子母路由', '4', '0,4,', '1472040500');
INSERT INTO `type` VALUES ('26', '电视盒子 ', '4', '0,4,', '1472040519');
INSERT INTO `type` VALUES ('27', '路由器', '4', '0,4,', '1472040531');
INSERT INTO `type` VALUES ('28', '保护壳', '5', '0,5,', '1472040545');
INSERT INTO `type` VALUES ('29', '保护套', '5', '0,5,', '1472040560');
INSERT INTO `type` VALUES ('30', '贴膜', '5', '0,5,', '1472040573');
INSERT INTO `type` VALUES ('31', '耳机 ', '6', '0,6,', '1472040596');
INSERT INTO `type` VALUES ('32', '音箱 ', '6', '0,6,', '1472040610');
INSERT INTO `type` VALUES ('33', '移动电源', '6', '0,6,', '1472040621');
INSERT INTO `type` VALUES ('34', '手机游戏', '7', '0,7,', '1472040632');
INSERT INTO `type` VALUES ('36', '免费游戏', '34', '0,7,34,', '1472040712');

-- ----------------------------
-- Table structure for `users`
-- ----------------------------
DROP TABLE IF EXISTS `users`;
CREATE TABLE `users` (
  `id` int(11) unsigned NOT NULL AUTO_INCREMENT,
  `username` varchar(32) DEFAULT NULL,
  `name` varchar(16) NOT NULL,
  `pass` char(32) NOT NULL,
  `sex` tinyint(1) DEFAULT '2',
  `address` varchar(255) DEFAULT NULL,
  `code` char(6) DEFAULT NULL,
  `phone` varchar(16) DEFAULT NULL,
  `email` varchar(50) DEFAULT NULL,
  `state` tinyint(1) DEFAULT '1',
  `addtime` int(50) DEFAULT NULL,
  `updatetime` int(50) DEFAULT NULL,
  `hpic` varchar(255) DEFAULT NULL,
  `point` varchar(20) DEFAULT NULL,
  PRIMARY KEY (`id`)
) ENGINE=InnoDB AUTO_INCREMENT=305 DEFAULT CHARSET=utf8;

-- ----------------------------
-- Records of users
-- ----------------------------
INSERT INTO `users` VALUES ('1', '邵琪', 'admin', '21232f297a57a5a743894a0e4a801fc3', '1', '上海', '20000', '13012820750', '239126037@qq.com', '0', null, '1478095667', '', '5595');
INSERT INTO `users` VALUES ('3', 'zss', 'zsssssssss', 'e10adc3949ba59abbe56e057f20f883e', '1', '上海', 'ewqe', '1232', '', '5', '1471959377', '1477641224', '201609011600013198.jpg', '2198');
INSERT INTO `users` VALUES ('4', 'ls', 'ls', 'e10adc3949ba59abbe56e057f20f883e', '2', '上海', '', '', '', '1', '1471959386', '1472780849', null, '0');
INSERT INTO `users` VALUES ('5', 'ww', 'ww', 'e10adc3949ba59abbe56e057f20f883e', '2', '上海', '', '', '', '1', '1471959396', '1472780853', null, '0');
INSERT INTO `users` VALUES ('6', 'sky', 'sky', 'e10adc3949ba59abbe56e057f20f883e', '2', '上海', '', '', '', '1', '1471959422', '1472780857', null, '0');
INSERT INTO `users` VALUES ('251', '', '1111', '', '2', '', '', '', '', '1', '1472787695', '1475070339', null, '2799');
INSERT INTO `users` VALUES ('252', '', 'zxcv', '', '2', '', '', '', '', '1', '1473037359', '1475070344', null, null);
INSERT INTO `users` VALUES ('253', '111', '22222', '96e79218965eb72c92a549dd5a330112', '2', '', '', '', '', '1', '1473043578', '1473043626', '201609051047061691.jpg', '6688');
INSERT INTO `users` VALUES ('256', '', 'admin', 'admin', '2', '', '', '', '', '1', '1474940737', '1475070334', null, null);
INSERT INTO `users` VALUES ('257', null, '小王', '123456', '2', null, null, null, null, '1', null, null, null, null);
INSERT INTO `users` VALUES ('258', null, '老王', '123456', '2', null, null, null, null, '1', null, null, null, null);
INSERT INTO `users` VALUES ('259', null, '王炸', '123456', '2', null, null, null, null, '1', null, null, null, null);
INSERT INTO `users` VALUES ('260', null, '小王', '123456', '2', null, null, null, null, '1', null, null, null, null);
INSERT INTO `users` VALUES ('264', null, '嘿嘿', '123456', '2', null, null, null, null, '1', null, null, null, null);
INSERT INTO `users` VALUES ('265', null, 'test', '123456', '2', null, null, null, null, '1', null, null, null, null);
INSERT INTO `users` VALUES ('266', null, 'test', '123456', '2', null, null, null, null, '1', null, null, null, null);
INSERT INTO `users` VALUES ('267', null, 'test', '123456', '2', null, null, null, null, '1', null, null, null, null);
INSERT INTO `users` VALUES ('268', null, 'test', '123456', '2', null, null, null, null, '1', null, null, null, null);
INSERT INTO `users` VALUES ('269', null, 'test1', '123456', '2', null, null, null, null, '1', null, null, null, null);
INSERT INTO `users` VALUES ('270', null, 'test1', '123456', '2', null, null, null, null, '1', null, null, null, null);
INSERT INTO `users` VALUES ('271', null, 'test', '123456', '2', null, null, null, null, '1', null, null, null, null);
INSERT INTO `users` VALUES ('272', null, 'test', '123456', '2', null, null, null, null, '1', null, null, null, null);
INSERT INTO `users` VALUES ('273', null, 'test1', '123456', '2', null, null, null, null, '1', null, null, null, null);
INSERT INTO `users` VALUES ('274', null, 'test', '123456', '2', null, null, null, null, '1', null, null, null, null);
INSERT INTO `users` VALUES ('275', null, 'test2', '111111', '2', null, null, null, null, '1', null, null, null, null);
INSERT INTO `users` VALUES ('276', null, 'test2', '111111', '2', null, null, null, null, '1', null, null, null, null);
INSERT INTO `users` VALUES ('277', null, 'test2', '111111', '2', null, null, null, null, '1', null, null, null, null);
INSERT INTO `users` VALUES ('278', null, 'test2', '111111', '2', null, null, null, null, '1', null, null, null, null);
INSERT INTO `users` VALUES ('279', null, 'test3', '22222', '2', null, null, null, null, '1', null, null, null, null);
INSERT INTO `users` VALUES ('280', null, 'test3', '22222', '2', null, null, null, null, '1', null, null, null, null);
INSERT INTO `users` VALUES ('281', null, '大黄', '22222', '2', null, null, null, null, '1', null, null, null, null);
INSERT INTO `users` VALUES ('282', null, '二黄', '33333', '2', null, null, null, null, '1', null, null, null, null);
INSERT INTO `users` VALUES ('283', null, '二黄', '33333', '2', null, null, null, null, '1', null, null, null, null);
INSERT INTO `users` VALUES ('284', null, '大黄', '22222', '2', null, null, null, null, '1', null, null, null, null);
INSERT INTO `users` VALUES ('285', null, '大黄', '22222', '2', null, null, null, null, '1', null, null, null, null);
INSERT INTO `users` VALUES ('286', null, '三黄', '343434', '2', null, null, null, null, '1', null, null, null, null);
INSERT INTO `users` VALUES ('287', null, '三黄', '343434', '2', null, null, null, null, '1', null, null, null, null);
INSERT INTO `users` VALUES ('288', null, '三黄', '343434', '2', null, null, null, null, '1', null, null, null, null);
INSERT INTO `users` VALUES ('289', null, '四黄', '343434', '2', null, null, null, null, '1', null, null, null, null);
INSERT INTO `users` VALUES ('290', null, 'sky', '123456', '2', null, null, null, null, '1', null, null, null, null);
INSERT INTO `users` VALUES ('291', null, 'sky', '123456', '2', null, null, null, null, '1', null, null, null, null);
INSERT INTO `users` VALUES ('292', null, 'ET', '223445', '2', null, null, null, null, '1', null, null, null, null);
INSERT INTO `users` VALUES ('293', null, 'ET', '223445', '2', null, null, null, null, '1', null, null, null, null);
INSERT INTO `users` VALUES ('294', null, 'ET1', '123456', '2', null, null, null, null, '1', null, null, null, null);
INSERT INTO `users` VALUES ('295', null, 'ET1', '123456', '2', null, null, null, null, '1', null, null, null, null);
INSERT INTO `users` VALUES ('296', null, '蛮王', '123456', '2', null, null, null, null, '1', null, null, null, null);
INSERT INTO `users` VALUES ('297', null, '蛮王', '123456', '2', null, null, null, null, '1', null, null, null, null);
INSERT INTO `users` VALUES ('298', null, '嘿嘿', '123456', '2', null, null, null, null, '1', null, null, null, null);
INSERT INTO `users` VALUES ('299', null, '哈哈', '123456', '2', null, null, null, null, '1', null, null, null, null);
INSERT INTO `users` VALUES ('300', null, '呵呵', '123456', '2', null, null, null, null, '1', null, null, null, null);
INSERT INTO `users` VALUES ('303', null, '嘿嘿', '123456', '2', null, null, null, null, '1', null, null, null, null);
INSERT INTO `users` VALUES ('304', null, '哈哈', '123456', '2', null, null, null, null, '1', null, null, null, null);
